gate_name,status,evidence,blocker,required_next_action
evidence_gate,conditional,"Value and momentum have a plausible research prior, but this project has no factor ETF rotation performance evidence yet.","No project-level strategy result exists.","Create only one fixed research_sample implementation prompt before any result is known."
data_gate,pass,"MTUM, VLUE, VTV, QUAL, USMV, SPLV, SPY, and BIL are cached; all six acquired factor ETF symbols passed quality checks; common overlap is 2013-07-18 to 2026-05-29.","None for research_sample implementation review.","Use cached symbols only; do not refresh data in the implementation prompt."
execution_realism_gate,pass,"A monthly ETF rotation can use daily adjusted ETF data and existing paper/demo accounting assumptions.","None for research_sample implementation review.","Preserve no-lookahead monthly rebalance timing."
risk_model_gate,pass,"The candidate can use the existing 3000 starting equity, target ladder, and -600 risk-budget framework.","None for review stage.","Require stop-aware and drawdown-budget diagnostics."
benchmark_gate,pass,"Primary benchmarks are combo_SPY200d_GLD_50_50_v1 and asset_class_tsmom_top2_v1; secondary benchmarks are defined.","None for review stage.","Require combo/top2/SPY/BIL/QQQ comparisons in any future research_sample."
diversification_gate,conditional,"Factor labels may diversify, but all risky proxies are U.S. equity ETFs and could mostly express equity beta.","Empirical correlation is not available until implementation runs.","Require correlation, allocation concentration, and equity-beta duplicate diagnostics."
complexity_gate,pass,"Recommended rule is one fixed monthly top-2 rotation with 126-day momentum and 200-day SMA filter.","None if no variants are added.","Do not add grids, variants, or post-result tuning."
target_potential_gate,conditional,"Factor rotation may improve target potential, but no project evidence exists yet.","No research_sample performance evidence.","Require research_sample evidence before any candidate_exhaustive queue."
anti_overfitting_gate,pass,"Recommended rule is fixed before performance results and forbids parameter search.","None if the future prompt stays fixed-rule only.","Reject any implementation prompt that adds variants or tunes after results."
