result_id,families,prior_status,classification,missing_symbols,reason
gror_balanced_momentum_60_40_v1_candidate_exhaustive,global_risk_on_risk_off_etf,watchlist,watchlist_valid,,Watchlist is not invalidated by data readiness audit.
managed_futures_etf_wrapper_research_sample,managed_futures_etf_wrapper,watchlist,watchlist_valid,,Watchlist is not invalidated by data readiness audit.
dual_momentum_paa_etf_wrapper_research_sample,dual_momentum_paa_etf_wrapper,watchlist,watchlist_valid,,Watchlist is not invalidated by data readiness audit.
parallel_research_discovery,gtaa_faber_style_benchmark_lane;static_all_weather_or_permanent_portfolio_benchmark;low_beta_defensive_equity_etf;dividend_quality_yield_etf;carry_yield_etf_proxy,zero_promotions,data_ready_valid_result,,Required cache is ready; no data-missing issue detected.
dsr_sector_top2_momentum_200d_bil_v1_promotion_review,defensive_sector_rotation_etf,evidence_missing,needs_rerun_after_cache_bootstrap,,Prior result was evidence_missing but cache is now ready enough to rerun the bounded review.
quality_momentum_etf_proxy_research_sample,quality_momentum_etf_proxy,watchlist,watchlist_valid,,Watchlist is not invalidated by data readiness audit.
quality_momentum_etf_proxy_risk_control_batch_1,quality_momentum_etf_proxy_risk_control_batch_1,watchlist,watchlist_valid,,Watchlist is not invalidated by data readiness audit.
defensive_sector_rotation_etf_research_sample,defensive_sector_rotation_etf,conversation_recovered,conversation_recovered_only,,Recovered/conversation evidence only; cache readiness is separate from metric recomputation.
volatility_managed_equity_etf_research_sample,volatility_managed_equity_etf,conversation_recovered,conversation_recovered_only,,Recovered/conversation evidence only; cache readiness is separate from metric recomputation.
