id,display_name,lane,instrument_family,strategy_family,version,parent_id,credibility_tier,status,role,rules_frozen,paper_forward_active,implementation_status,data_source,evidence_source,latest_evidence_path,latest_known_result_summary,allowed_next_action,forbidden_next_actions,promotion_requirements,demotion_or_kill_criteria,notes,risk_framework_status,paper_forward_allowed_by_risk_framework,promotion_blockers
SPY_200d_trend_model,SPY 200-Day Trend Model,paper_forward,ETF,absolute_trend,v1,,tier4_paper_forward,active_observation,primary_watchlist_candidate,True,True,implemented,existing_adjusted_etf_cache,focused_candidate_exhaustive_and_paper_forward,evidence/paper_forward_runs/latest/,Leading ETF watchlist candidate after exact compact challenge audit; active paper-forward observation.,observe_only,change_rules;tune_parameters;promote_to_real_money;add_broker_integration;place_orders,No promotion in current project; observe fixed rules only.,"Stop hit, unauditable data issue, or materially worse paper-forward behavior than historical context.",Frozen paper-forward benchmark-like candidate; not real-money validated.,paper_forward_allowed,True,no_real_money_promotion;rules_frozen_observe_only
current_no_cash_proxy_alpha_AB,Current No-Cash-Proxy Alpha A/B,paper_forward,ETF,sector_momentum_plus_trend_following,v1,,tier4_paper_forward,active_observation,strategy_control,True,True,implemented,existing_adjusted_etf_cache,focused_candidate_exhaustive_and_paper_forward,evidence/paper_forward_runs/latest/,Lower stop risk than SPY benchmarks but lower 90-day target hit rates.,observe_only,change_rules;tune_parameters;promote_to_real_money;add_broker_integration;place_orders,No rule changes during observation; improvements require new version id.,"Stop hit, persistent underperformance, or unauditable signal state.",Frozen strategy-control row; A/B signal extraction may be limited in compact paper-forward packet.,paper_forward_allowed,True,no_real_money_promotion;rules_frozen_observe_only
SPY_buy_hold,SPY Buy And Hold,paper_forward,ETF,buy_and_hold,v1,,benchmark,benchmark,aggressive_benchmark,True,True,benchmark_only,existing_adjusted_etf_cache,compact_challenge_and_paper_forward,evidence/paper_forward_runs/latest/,Highest exact 90-day target rates but materially worse stop and drawdown risk.,compare_only,change_rules;tune_parameters;promote_to_real_money;add_broker_integration;place_orders,Benchmark only; no promotion.,Not applicable.,"Aggressive benchmark, not a strategy recommendation.",benchmark_allowed,True,benchmark_only;no_real_money_promotion
BIL_cash_proxy,BIL Cash Proxy,paper_forward,ETF,cash_proxy,v1,,benchmark,benchmark,defensive_benchmark,True,True,benchmark_only,existing_adjusted_etf_cache,compact_challenge_and_paper_forward,evidence/paper_forward_runs/latest/,Defensive/cash benchmark; too slow for +300/+400 challenge.,compare_only,change_rules;tune_parameters;promote_to_real_money;add_broker_integration;place_orders,Benchmark only; no promotion.,Not applicable.,Defensive comparator only.,benchmark_allowed,True,benchmark_only;no_real_money_promotion
SPY_200d_trend_model_sim_1_25x_v1,SPY 200-Day Trend Model Simulated 1.25x,compact_challenge,ETF simulated leverage,trend leverage diagnostic,v1,SPY_200d_trend_model,tier1_exploratory,too_risky,simulated_leverage_diagnostic,True,False,implemented_exploratory,existing_adjusted_etf_cache,compact_challenge_diagnostic,evidence/challenge_runs/latest/,"Target odds improved, but exact diagnostic showed worst 90-day drawdown beyond the -$600 risk budget.",audit_harden,observe_as_paper_forward;promote_to_real_money;add_broker_integration;treat_as_validated;tune_leverage_multiplier,Not eligible without separate Tier 2 leverage feasibility review and fixed risk model.,"Stop risk, drawdown, or stress degradation is materially worse than unlevered SPY_200d.","Diagnostic only; no real margin, liquidation, or leveraged product model.",,,
SPY_200d_trend_model_sim_1_5x_v1,SPY 200-Day Trend Model Simulated 1.5x,compact_challenge,ETF simulated leverage,trend leverage diagnostic,v1,SPY_200d_trend_model,tier1_exploratory,too_risky,simulated_leverage_diagnostic,True,False,implemented_exploratory,existing_adjusted_etf_cache,compact_challenge_diagnostic,evidence/challenge_runs/latest/,Approximate 1.5x return-multiplier diagnostic; expected higher stop-risk burden.,audit_harden,observe_as_paper_forward;promote_to_real_money;add_broker_integration;treat_as_validated;tune_leverage_multiplier,Not eligible without separate Tier 2 leverage feasibility review and fixed risk model.,"Stop risk, drawdown, or stress degradation remains materially worse than unlevered SPY_200d.",Diagnostic only; not a paper-forward or real-money candidate.,,,
SPY_buy_hold_sim_1_25x_v1,SPY Buy And Hold Simulated 1.25x,compact_challenge,ETF simulated leverage,buy_hold leverage diagnostic,v1,SPY_buy_hold,tier1_exploratory,too_risky,simulated_leverage_diagnostic,True,False,implemented_exploratory,existing_adjusted_etf_cache,compact_challenge_diagnostic,evidence/challenge_runs/latest/,Approximate buy-hold leverage diagnostic; benchmark stress scenario only.,audit_harden,observe_as_paper_forward;promote_to_real_money;add_broker_integration;treat_as_validated;tune_leverage_multiplier,Not eligible without separate Tier 2 leverage feasibility review and fixed risk model.,Drawdown or stop risk remains materially worse than unlevered benchmark.,Diagnostic only; buy-hold leverage must not be treated as a practical candidate.,,,
SPY_buy_hold_sim_1_5x_v1,SPY Buy And Hold Simulated 1.5x,compact_challenge,ETF simulated leverage,buy_hold leverage diagnostic,v1,SPY_buy_hold,tier1_exploratory,too_risky,simulated_leverage_diagnostic,True,False,implemented_exploratory,existing_adjusted_etf_cache,compact_challenge_diagnostic,evidence/challenge_runs/latest/,Approximate buy-hold leverage diagnostic; high-risk benchmark stress scenario only.,audit_harden,observe_as_paper_forward;promote_to_real_money;add_broker_integration;treat_as_validated;tune_leverage_multiplier,Not eligible without separate Tier 2 leverage feasibility review and fixed risk model.,Drawdown or stop risk remains materially worse than unlevered benchmark.,"Diagnostic only; no real margin, liquidation, or leveraged ETF path-dependency model.",,,
SPY_200d_exposure_frontier_1_05x_v1,SPY 200-Day Exposure Frontier 1.05x,compact_challenge,ETF simulated exposure,SPY_200d exposure frontier diagnostic,v1,SPY_200d_trend_model,tier1_exploratory,too_risky,risk_budget_diagnostic,True,False,implemented_exploratory,existing_adjusted_etf_cache,compact_challenge_exposure_frontier,evidence/challenge_runs/latest/,"Target odds improved, but diagnostic score favored 1.00x and drawdown/stop risk worsened.",audit_harden,observe_as_paper_forward;promote_to_real_money;add_broker_integration;treat_as_validated;tune_exposure_multiplier,Not eligible without separate Tier 2 exposure feasibility review and fixed risk model.,"Stop risk, overshoot, drawdown, or stress degradation is materially worse than unlevered SPY_200d.","Diagnostic only; no real margin, liquidation, or leveraged ETF path-dependency model.",,,
SPY_200d_exposure_frontier_1_10x_v1,SPY 200-Day Exposure Frontier 1.10x,compact_challenge,ETF simulated exposure,SPY_200d exposure frontier diagnostic,v1,SPY_200d_trend_model,tier1_exploratory,too_risky,risk_budget_diagnostic,True,False,implemented_exploratory,existing_adjusted_etf_cache,compact_challenge_exposure_frontier,evidence/challenge_runs/latest/,"Target odds improved, but stop-hit rate and worst drawdown worsened versus 1.00x.",audit_harden,observe_as_paper_forward;promote_to_real_money;add_broker_integration;treat_as_validated;tune_exposure_multiplier,Not eligible without separate Tier 2 exposure feasibility review and fixed risk model.,"Stop risk, overshoot, drawdown, or stress degradation is materially worse than unlevered SPY_200d.","Diagnostic only; no real margin, liquidation, or leveraged ETF path-dependency model.",,,
SPY_200d_exposure_frontier_1_15x_v1,SPY 200-Day Exposure Frontier 1.15x,compact_challenge,ETF simulated exposure,SPY_200d exposure frontier diagnostic,v1,SPY_200d_trend_model,tier1_exploratory,too_risky,risk_budget_diagnostic,True,False,implemented_exploratory,existing_adjusted_etf_cache,compact_challenge_exposure_frontier,evidence/challenge_runs/latest/,"Target odds improved, but stop-hit rate and worst drawdown worsened versus 1.00x.",audit_harden,observe_as_paper_forward;promote_to_real_money;add_broker_integration;treat_as_validated;tune_exposure_multiplier,Not eligible without separate Tier 2 exposure feasibility review and fixed risk model.,"Stop risk, overshoot, drawdown, or stress degradation is materially worse than unlevered SPY_200d.","Diagnostic only; no real margin, liquidation, or leveraged ETF path-dependency model.",,,
SPY_200d_exposure_frontier_1_20x_v1,SPY 200-Day Exposure Frontier 1.20x,compact_challenge,ETF simulated exposure,SPY_200d exposure frontier diagnostic,v1,SPY_200d_trend_model,tier1_exploratory,too_risky,risk_budget_diagnostic,True,False,implemented_exploratory,existing_adjusted_etf_cache,compact_challenge_exposure_frontier,evidence/challenge_runs/latest/,Pre-specified 1.20x exposure diagnostic; expected higher drawdown burden.,audit_harden,observe_as_paper_forward;promote_to_real_money;add_broker_integration;treat_as_validated;tune_exposure_multiplier,Not eligible without separate Tier 2 exposure feasibility review and fixed risk model.,"Stop risk, overshoot, drawdown, or stress degradation remains materially worse than unlevered SPY_200d.","Diagnostic only; no real margin, liquidation, or leveraged ETF path-dependency model.",,,
SPY_200d_exposure_frontier_1_25x_v1,SPY 200-Day Exposure Frontier 1.25x,compact_challenge,ETF simulated exposure,SPY_200d exposure frontier diagnostic,v1,SPY_200d_trend_model,tier1_exploratory,too_risky,risk_budget_diagnostic,True,False,implemented_exploratory,existing_adjusted_etf_cache,compact_challenge_exposure_frontier,evidence/challenge_runs/latest/,Pre-specified 1.25x exposure diagnostic; prior broad leverage check was too risky.,audit_harden,observe_as_paper_forward;promote_to_real_money;add_broker_integration;treat_as_validated;tune_exposure_multiplier,Not eligible without separate Tier 2 exposure feasibility review and fixed risk model.,"Stop risk, overshoot, drawdown, or stress degradation remains materially worse than unlevered SPY_200d.","Diagnostic only; no real margin, liquidation, or leveraged ETF path-dependency model.",,,
SPY_200d_vol_target_12_cap_1_00_v1,SPY 200-Day Vol Target 12% Cap 1.00,compact_challenge,ETF,SPY_200d volatility-control diagnostic,v1,SPY_200d_trend_model,tier1_exploratory,exploratory_only,risk_control_diagnostic,True,False,implemented_exploratory,existing_adjusted_etf_cache,compact_challenge_volatility_control_diagnostic,evidence/challenge_runs/latest/,Predeclared 12% target-volatility diagnostic with 60-day realized volatility and 1.00 cap.,run_challenge_audit,observe_as_paper_forward;promote_to_real_money;add_broker_integration;treat_as_validated;tune_target_vol;tune_vol_window,"Tier 2 review would require fixed-rule evidence, benchmark comparison, stress survival, and no parameter tuning.","Target probability collapses, drawdown is not improved, or stress costs make it too slow.",Tier 1 diagnostic only; does not modify frozen SPY_200d_trend_model v1.,diagnostic_only,False,tier1_exploratory;risk_control_diagnostic;not_paper_forward_allowed
SPY_200d_vol_target_12_cap_1_10_v1,SPY 200-Day Vol Target 12% Cap 1.10,compact_challenge,ETF,SPY_200d volatility-control diagnostic,v1,SPY_200d_trend_model,tier1_exploratory,exploratory_only,risk_control_diagnostic,True,False,implemented_exploratory,existing_adjusted_etf_cache,compact_challenge_volatility_control_diagnostic,evidence/challenge_runs/latest/,Predeclared 12% target-volatility diagnostic with 60-day realized volatility and 1.10 cap; approximate financing applies above 1.00 exposure.,run_challenge_audit,observe_as_paper_forward;promote_to_real_money;add_broker_integration;treat_as_validated;tune_target_vol;tune_vol_window,"Tier 2 review would require fixed-rule evidence, benchmark comparison, stress survival, and a credible exposure/financing model.","Stop risk, drawdown, or stress degradation is materially worse than unmodified SPY_200d.",Tier 1 diagnostic only; no real margin model and no paper-forward eligibility.,diagnostic_only,False,tier1_exploratory;risk_control_diagnostic;exposure_above_1x;not_paper_forward_allowed
portfolio_spy200d_100_v1,Portfolio SPY 200-Day 100%,compact_challenge,diversified ETF portfolio,fixed_weight_portfolio,v1,SPY_200d_trend_model,tier3_candidate_validation,watchlist_diagnostic,diversified_portfolio_diagnostic,True,False,implemented_exploratory,existing_adjusted_etf_cache,compact_challenge_diversified_portfolio,evidence/challenge_runs/latest/,"Exact diversified portfolio challenge wrapper matched SPY_200d closely; diagnostic only, not paper-forward.",run_challenge_audit,observe_as_paper_forward;promote_to_real_money;add_broker_integration;treat_as_validated_without_exhaustive;tune_weights,Exact compact challenge evidence plus separate promotion review; no automatic paper-forward.,"Fails target-before-stop, stress survival, benchmark comparison, or drawdown/stop behavior.",Baseline portfolio wrapper for SPY_200d; does not alter frozen paper-forward SPY_200d v1.,diagnostic_only,False,diagnostic_only;not_paper_forward_allowed;requires_separate_promotion
portfolio_spy200d_80_bil_20_v1,Portfolio SPY 200-Day 80% / BIL 20%,compact_challenge,diversified ETF portfolio,fixed_weight_portfolio,v1,SPY_200d_trend_model,tier3_candidate_validation,duplicate_or_near_duplicate,diversified_portfolio_diagnostic,True,False,implemented_exploratory,existing_adjusted_etf_cache,compact_challenge_diversified_portfolio,evidence/challenge_runs/latest/,Exact diversified challenge showed lower drawdown but materially lower +300/+400 target rates versus SPY_200d.,run_challenge_audit,observe_as_paper_forward;promote_to_real_money;add_broker_integration;treat_as_validated_without_exhaustive;tune_weights,Exact compact challenge evidence plus separate promotion review; no automatic paper-forward.,Defensive dilution makes +300/+400 too slow or does not improve stop behavior.,Fixed 80/20 defensive portfolio diagnostic; not paper-forward active.,diagnostic_only,False,diagnostic_only;not_paper_forward_allowed;requires_separate_promotion
portfolio_spy200d_70_bil_30_v1,Portfolio SPY 200-Day 70% / BIL 30%,compact_challenge,diversified ETF portfolio,fixed_weight_portfolio,v1,SPY_200d_trend_model,tier3_candidate_validation,duplicate_or_near_duplicate,diversified_portfolio_diagnostic,True,False,implemented_exploratory,existing_adjusted_etf_cache,compact_challenge_diversified_portfolio,evidence/challenge_runs/latest/,Exact diversified challenge showed lower drawdown but too much target-rate sacrifice versus SPY_200d.,run_challenge_audit,observe_as_paper_forward;promote_to_real_money;add_broker_integration;treat_as_validated_without_exhaustive;tune_weights,Exact compact challenge evidence plus separate promotion review; no automatic paper-forward.,Defensive dilution makes +300/+400 too slow or does not improve stop behavior.,Fixed 70/30 defensive portfolio diagnostic; not paper-forward active.,diagnostic_only,False,diagnostic_only;not_paper_forward_allowed;requires_separate_promotion
portfolio_spy200d_60_ief_20_bil_20_v1,Portfolio SPY 200-Day 60% / IEF 20% / BIL 20%,compact_challenge,diversified ETF portfolio,fixed_weight_portfolio,v1,SPY_200d_trend_model,tier3_candidate_validation,too_slow,diversified_portfolio_diagnostic,True,False,implemented_exploratory,existing_adjusted_etf_cache,compact_challenge_diversified_portfolio,evidence/challenge_runs/latest/,Exact diversified challenge showed bond/cash defense reduced drawdown but made the +300/+400 challenge too slow.,run_challenge_audit,observe_as_paper_forward;promote_to_real_money;add_broker_integration;treat_as_validated_without_exhaustive;tune_weights,Exact compact challenge evidence plus separate promotion review; no automatic paper-forward.,Bond/cash mix makes +300/+400 too slow or does not improve stop behavior.,Fixed bond defensive portfolio diagnostic; not paper-forward active.,diagnostic_only,False,diagnostic_only;not_paper_forward_allowed;requires_separate_promotion
portfolio_spy200d_70_gld_15_bil_15_v1,Portfolio SPY 200-Day 70% / GLD 15% / BIL 15%,compact_challenge,diversified ETF portfolio,fixed_weight_portfolio,v1,SPY_200d_trend_model,tier3_candidate_validation,too_slow,diversified_portfolio_diagnostic,True,False,implemented_exploratory,existing_adjusted_etf_cache,compact_challenge_diversified_portfolio,evidence/challenge_runs/latest/,Exact diversified challenge showed gold/cash defense reduced drawdown but did not preserve enough target probability.,run_challenge_audit,observe_as_paper_forward;promote_to_real_money;add_broker_integration;treat_as_validated_without_exhaustive;tune_weights,Exact compact challenge evidence plus separate promotion review; no automatic paper-forward.,Gold/cash mix makes +300/+400 too slow or does not improve stop behavior.,Fixed gold defensive portfolio diagnostic; not paper-forward active.,diagnostic_only,False,diagnostic_only;not_paper_forward_allowed;requires_separate_promotion
portfolio_spy200d_60_ief_20_gld_10_bil_10_v1,Portfolio SPY 200-Day 60% / IEF 20% / GLD 10% / BIL 10%,compact_challenge,diversified ETF portfolio,fixed_weight_portfolio,v1,SPY_200d_trend_model,tier3_candidate_validation,too_slow,diversified_portfolio_diagnostic,True,False,implemented_exploratory,existing_adjusted_etf_cache,compact_challenge_diversified_portfolio,evidence/challenge_runs/latest/,Exact diversified challenge showed multi-asset defense reduced drawdown but was too slow for +300/+400.,run_challenge_audit,observe_as_paper_forward;promote_to_real_money;add_broker_integration;treat_as_validated_without_exhaustive;tune_weights,Exact compact challenge evidence plus separate promotion review; no automatic paper-forward.,Multi-asset mix makes +300/+400 too slow or does not improve stop behavior.,Fixed multi-asset defensive portfolio diagnostic; not paper-forward active.,diagnostic_only,False,diagnostic_only;not_paper_forward_allowed;requires_separate_promotion
portfolio_spy200d_80_ab_20_v1,Portfolio SPY 200-Day 80% / A-B Control 20%,compact_challenge,diversified ETF portfolio,fixed_weight_portfolio,v1,SPY_200d_trend_model,tier2_credible_prototype,incomplete_evidence,diversified_portfolio_diagnostic,True,False,implemented_exploratory,existing_adjusted_etf_cache,compact_challenge_diversified_portfolio,evidence/challenge_runs/latest/,Fixed strategy-diversification mix diagnostic; awaits compact challenge evidence.,run_challenge_audit,observe_as_paper_forward;promote_to_real_money;add_broker_integration;treat_as_validated_without_exhaustive;tune_weights,Exact compact challenge evidence plus separate promotion review; no automatic paper-forward.,Strategy sleeve lowers target probability without sufficient drawdown improvement.,Fixed strategy-diversification diagnostic; does not alter frozen A/B control or SPY_200d rows.,diagnostic_only,False,diagnostic_only;not_paper_forward_allowed;requires_separate_promotion
portfolio_spy200d_70_ab_20_bil_10_v1,Portfolio SPY 200-Day 70% / A-B 20% / BIL 10%,compact_challenge,diversified ETF portfolio,fixed_weight_portfolio,v1,SPY_200d_trend_model,tier2_credible_prototype,incomplete_evidence,diversified_portfolio_diagnostic,True,False,implemented_exploratory,existing_adjusted_etf_cache,compact_challenge_diversified_portfolio,evidence/challenge_runs/latest/,Fixed strategy-diversification mix diagnostic; awaits compact challenge evidence.,run_challenge_audit,observe_as_paper_forward;promote_to_real_money;add_broker_integration;treat_as_validated_without_exhaustive;tune_weights,Exact compact challenge evidence plus separate promotion review; no automatic paper-forward.,Strategy sleeve/cash mix lowers target probability without sufficient drawdown improvement.,Fixed strategy-diversification diagnostic; does not alter frozen A/B control or SPY_200d rows.,diagnostic_only,False,diagnostic_only;not_paper_forward_allowed;requires_separate_promotion
portfolio_spy200d_80_crypto_tsmom_10_bil_10_v1,Portfolio SPY 200-Day 80% / Crypto TSMOM 10% / BIL 10%,compact_challenge,diversified ETF plus crypto portfolio,fixed_weight_portfolio,v1,crypto_time_series_momentum,tier1_exploratory,exploratory_only,diversified_portfolio_diagnostic,True,False,implemented_exploratory,existing_adjusted_etf_cache_and_crypto_exploratory_cache,compact_challenge_diversified_portfolio,evidence/challenge_runs/latest/,Optional Tier 1 crypto satellite portfolio diagnostic; not candidate validation.,run_challenge_audit,observe_as_paper_forward;promote_to_real_money;add_broker_integration;treat_as_validated;tune_crypto_weight;tune_weights,Tier 2 crypto review plus separate portfolio promotion review.,Crypto sleeve adds stop/drawdown risk or remains data/execution-limited.,Tier 1 exploratory only; not paper-forward ready and not a real-money recommendation.,diagnostic_only,False,tier1_exploratory;crypto_sleeve;not_paper_forward_allowed
portfolio_spy200d_70_crypto_tsmom_10_ief_10_bil_10_v1,Portfolio SPY 200-Day 70% / Crypto TSMOM 10% / IEF 10% / BIL 10%,compact_challenge,diversified ETF plus crypto portfolio,fixed_weight_portfolio,v1,crypto_time_series_momentum,tier1_exploratory,exploratory_only,diversified_portfolio_diagnostic,True,False,implemented_exploratory,existing_adjusted_etf_cache_and_crypto_exploratory_cache,compact_challenge_diversified_portfolio,evidence/challenge_runs/latest/,Optional Tier 1 crypto satellite portfolio diagnostic; not candidate validation.,run_challenge_audit,observe_as_paper_forward;promote_to_real_money;add_broker_integration;treat_as_validated;tune_crypto_weight;tune_weights,Tier 2 crypto review plus separate portfolio promotion review.,Crypto sleeve adds stop/drawdown risk or remains data/execution-limited.,Tier 1 exploratory only; not paper-forward ready and not a real-money recommendation.,diagnostic_only,False,tier1_exploratory;crypto_sleeve;not_paper_forward_allowed
family_broad_etf_spy200d_v1,Family Broad ETF SPY 200-Day Trend,compact_challenge,broad_etf_trend,independent_family_challenge,v1,SPY_200d_trend_model,tier3_candidate_validation,benchmark_candidate,independent_family_diagnostic,True,False,implemented,existing_adjusted_etf_cache,compact_challenge_independent_family,evidence/challenge_runs/latest/,Independent family account for unmodified SPY_200d trend model; not a blended portfolio.,run_challenge_audit,treat_as_portfolio_allocation;promote_to_real_money;add_broker_integration;treat_as_validated_without_exhaustive,Exact family challenge evidence plus separate promotion review.,"Fails target-before-stop, stress survival, benchmark comparison, or drawdown/stop behavior.","Family row uses its own $3,000 account and does not alter frozen SPY_200d paper-forward rules.",watchlist,False,requires_separate_promotion;not_paper_forward_allowed_from_family_packet
family_broad_etf_spy_buy_hold_v1,Family Broad ETF SPY Buy Hold,compact_challenge,broad_etf_buy_hold,independent_family_challenge,v1,SPY_buy_hold,benchmark,benchmark_candidate,independent_family_diagnostic,True,False,benchmark_only,existing_adjusted_etf_cache,compact_challenge_independent_family,evidence/challenge_runs/latest/,"Aggressive equity benchmark family with its own $3,000 account.",run_challenge_audit,treat_as_portfolio_allocation;promote_to_real_money;add_broker_integration;treat_as_validated_without_exhaustive,Benchmark comparison only; no real-money promotion.,Drawdown/stop behavior remains too large for practical use.,Family benchmark only; not allocation advice.,benchmark_candidate,False,benchmark_only;requires_separate_promotion
family_cash_treasury_bil_v1,Family Cash Treasury BIL,compact_challenge,cash_treasury_proxy,independent_family_challenge,v1,BIL_cash_proxy,benchmark,benchmark,independent_family_diagnostic,True,False,benchmark_only,existing_adjusted_etf_cache,compact_challenge_independent_family,evidence/challenge_runs/latest/,Defensive benchmark family; expected to be too slow for +300/+400.,run_challenge_audit,treat_as_portfolio_allocation;promote_to_real_money;add_broker_integration;treat_as_validated_without_exhaustive,Benchmark only.,Not applicable; defensive benchmark.,"Separate $3,000 defensive family account; not a real-money recommendation.",benchmark_only,False,benchmark_only;too_slow_for_target
family_bond_treasury_ief_v1,Family Bond Treasury IEF,compact_challenge,bond_treasury_etf,independent_family_challenge,v1,,benchmark,benchmark,independent_family_diagnostic,True,False,benchmark_only,existing_adjusted_etf_cache,compact_challenge_independent_family,evidence/challenge_runs/latest/,"Bond/Treasury ETF benchmark family with its own $3,000 account if cache is available.",run_challenge_audit,treat_as_portfolio_allocation;promote_to_real_money;add_broker_integration;treat_as_validated_without_exhaustive,Benchmark comparison only.,Too slow for +300/+400 challenge.,Uses existing adjusted ETF cache only; no new loader.,benchmark_only,False,benchmark_only;not_paper_forward_allowed_from_family_packet
family_gold_gld_v1,Family Gold GLD,compact_challenge,gold_commodity_etf,independent_family_challenge,v1,,benchmark,benchmark,independent_family_diagnostic,True,False,benchmark_only,existing_adjusted_etf_cache,compact_challenge_independent_family,evidence/challenge_runs/latest/,"Gold ETF benchmark family with its own $3,000 account if cache is available.",run_challenge_audit,treat_as_portfolio_allocation;promote_to_real_money;add_broker_integration;treat_as_validated_without_exhaustive,Benchmark comparison only.,Too slow or too volatile for the challenge metric.,Uses existing adjusted ETF cache only; no new loader.,benchmark_only,False,benchmark_only;not_paper_forward_allowed_from_family_packet
family_etf_sector_momentum_A_v1,Family ETF Sector Momentum A,compact_challenge,etf_sector_momentum,independent_family_challenge,v1,A_ETF_sector_momentum,tier2_credible_prototype,incomplete_evidence,independent_family_diagnostic,True,False,implemented,existing_adjusted_etf_cache,compact_challenge_independent_family,evidence/challenge_runs/latest/,Family row requires exact daily stream; unavailable rows are not approximated.,audit_harden,treat_as_portfolio_allocation;promote_to_real_money;add_broker_integration;treat_as_validated_without_exhaustive,Exact daily family stream and all-possible challenge windows.,Exact stream cannot be produced without changing frozen rules.,Reported as family reference only when exact stream is unavailable.,incomplete_evidence,False,exact_daily_stream_unavailable;requires_audit_harden
family_etf_ab_no_cash_v1,Family ETF A/B No Cash Control,compact_challenge,etf_ab_strategy,independent_family_challenge,v1,current_no_cash_proxy_alpha_AB,tier3_candidate_validation,incomplete_evidence,independent_family_diagnostic,True,False,implemented,existing_adjusted_etf_cache,compact_challenge_independent_family,evidence/challenge_runs/latest/,Family row requires exact daily A/B stream; unavailable rows are not approximated.,audit_harden,treat_as_portfolio_allocation;promote_to_real_money;add_broker_integration;treat_as_validated_without_exhaustive,Exact daily family stream and all-possible challenge windows.,Exact stream cannot be produced without changing frozen rules.,Does not alter frozen current_no_cash_proxy_alpha_AB paper-forward control.,incomplete_evidence,False,exact_daily_stream_unavailable;requires_audit_harden
family_crypto_spot_time_series_momentum_v1,Family Crypto Spot Time Series Momentum,compact_challenge,crypto_spot_momentum,independent_family_challenge,v1,crypto_time_series_momentum,tier1_exploratory,exploratory_only,independent_family_diagnostic,True,False,implemented_exploratory,crypto_exploratory_cache_only,compact_challenge_independent_family,evidence/challenge_runs/latest/,Optional crypto family row; Tier 1 exploratory only.,audit_harden,observe_as_paper_forward;promote_to_real_money;add_broker_integration;treat_as_validated;crypto_leverage;perps;futures,Tier 2 crypto review and credible data/execution model.,Data quality or stop risk remains unacceptable.,Optional family comparison only; no crypto leverage/perps/futures.,diagnostic_only,False,tier1_exploratory;crypto_execution_model_missing;not_paper_forward_allowed
family_crypto_spot_buy_hold_equal_weight_v1,Family Crypto Spot Buy Hold Equal Weight,compact_challenge,crypto_spot_buy_hold,independent_family_challenge,v1,crypto_buy_hold_equal_weight,tier1_exploratory,exploratory_only,independent_family_diagnostic,True,False,implemented_exploratory,crypto_exploratory_cache_only,compact_challenge_independent_family,evidence/challenge_runs/latest/,Optional crypto benchmark family row; Tier 1 exploratory only.,audit_harden,observe_as_paper_forward;promote_to_real_money;add_broker_integration;treat_as_validated;crypto_leverage;perps;futures,Tier 2 crypto review and credible data/execution model.,Data quality or stop risk remains unacceptable.,Optional crypto benchmark family only; no real-money recommendation.,diagnostic_only,False,tier1_exploratory;crypto_execution_model_missing;not_paper_forward_allowed
family_individual_stock_momentum_v1,Family Individual Stock Momentum,stock_memo,individual_stock_momentum,independent_family_blocked,v1,individual_stock_momentum_gate1a,blocked,blocked,blocked_research_family,True,False,blocked_by_gate,none,gate1a_vendor_verification,docs/research_memos/gate1/individual_stock_momentum/vendor_verification/,Gate 1A continue_defer; no survivorship-free data/delisting treatment approved.,continue_vendor_review,implement_strategy;run_backtest;download_data;promote_to_real_money,Gate 2 approval after data/vendor feasibility.,Credible data remains unavailable or too costly.,Family is reported in challenge evidence but not run.,blocked_by_gate,False,blocked_by_gate;survivorship_free_data_unverified;delisting_treatment_unverified
family_options_directional_v1,Family Options Directional,options_memo,options_directional,independent_family_blocked,v1,options_directional_gate0_needed,blocked,blocked,blocked_research_family,True,False,blocked_by_gate,none,family_lab_blocked_spec,family_lab/independent_family_specs.yaml,"Blocked; no option-chain, bid/ask, IV, Greeks, assignment/exercise, margin, or spread-fill model.",create_gate0_memo,implement_strategy;run_backtest;download_data;promote_to_real_money,Gate 0 and Gate 1 approval.,Option execution/risk modeling remains unacceptable.,Family is reported but not run.,blocked_by_gate,False,blocked_by_gate;options_data_and_execution_model_missing
family_options_premium_v1,Family Options Premium,options_memo,options_premium,independent_family_blocked,v1,options_directional_gate0_needed,blocked,blocked,blocked_research_family,True,False,blocked_by_gate,none,family_lab_blocked_spec,family_lab/independent_family_specs.yaml,"Blocked; no option-chain, margin, assignment, tail-risk, or realistic fill model.",create_gate0_memo,implement_strategy;run_backtest;download_data;promote_to_real_money,Gate 0 and Gate 1 approval.,Tail-risk and execution modeling remain unacceptable.,Family is reported but not run.,blocked_by_gate,False,blocked_by_gate;options_tail_risk_model_missing
family_futures_trend_following_v1,Family Futures Trend Following,futures_memo,futures_trend_following,independent_family_blocked,v1,futures_trend_following_gate0_needed,blocked,blocked,blocked_research_family,True,False,blocked_by_gate,none,family_lab_blocked_spec,family_lab/independent_family_specs.yaml,"Blocked; no continuous contract, roll, margin, leverage, or gap model.",create_gate0_memo,implement_strategy;run_backtest;download_data;promote_to_real_money,Gate 0 and Gate 1 approval.,"Roll, margin, and gap risk remain unresolved.",Family is reported but not run.,blocked_by_gate,False,blocked_by_gate;futures_roll_margin_gap_model_missing
family_forex_momentum_carry_v1,Family Forex Momentum Carry,forex_memo,forex_momentum_carry,independent_family_blocked,v1,forex_momentum_carry_gate0_needed,blocked,blocked,blocked_research_family,True,False,blocked_by_gate,none,family_lab_blocked_spec,family_lab/independent_family_specs.yaml,"Blocked; no spread, financing, leverage, or broker execution model.",create_gate0_memo,implement_strategy;run_backtest;download_data;promote_to_real_money,Gate 0 and Gate 1 approval.,Execution and financing modeling remain unresolved.,Family is reported but not run.,blocked_by_gate,False,blocked_by_gate;forex_execution_financing_model_missing
family_intraday_orb_v1,Family Intraday ORB,intraday_memo,intraday_opening_range_breakout,independent_family_blocked,v1,intraday_orb_gate0_needed,blocked,blocked,blocked_research_family,True,False,blocked_by_gate,none,family_lab_blocked_spec,family_lab/independent_family_specs.yaml,"Blocked; daily bars cannot model intraday fills, spreads, queue, or stop behavior.",create_gate0_memo,implement_strategy;run_backtest;download_data;promote_to_real_money,Gate 0 and Gate 1 approval.,Intraday execution realism remains unacceptable.,Family is reported but not run.,blocked_by_gate,False,blocked_by_gate;intraday_data_and_fill_model_missing
family_volatility_products_v1,Family Volatility Products,volatility_memo,volatility_products,independent_family_blocked,v1,volatility_products_gate0_needed,blocked,blocked,blocked_research_family,True,False,blocked_by_gate,none,family_lab_blocked_spec,family_lab/independent_family_specs.yaml,"Blocked; no product mechanics, decay, roll-yield, path-dependency, or event-risk model.",create_gate0_memo,implement_strategy;run_backtest;download_data;promote_to_real_money,Gate 0 and Gate 1 approval.,Product path-dependency and event risk remain unacceptable.,Family is reported but not run.,blocked_by_gate,False,blocked_by_gate;volatility_product_mechanics_missing
family_event_news_momentum_v1,Family Event News Momentum,archive,event_news_momentum,independent_family_blocked,v1,,blocked,blocked,blocked_research_family,True,False,blocked_by_gate,none,family_lab_blocked_spec,family_lab/independent_family_specs.yaml,Blocked; no point-in-time event timestamps or reliable historical event data.,create_gate0_memo,implement_strategy;run_backtest;download_data;promote_to_real_money,Gate 0 and Gate 1 approval.,Point-in-time data remains unavailable.,Family is reported but not run.,blocked_by_gate,False,blocked_by_gate;point_in_time_event_data_missing
A_ETF_sector_momentum,A ETF Sector Momentum,etf_research,ETF,cross_sectional_momentum,v1,current_no_cash_proxy_alpha_AB,tier3_candidate_validation,promotion_review_passed,archived_comparator,True,False,implemented,existing_adjusted_etf_cache,etf_research_evidence,evidence/latest/,Historically useful component; not the current leading paper-forward row.,audit_harden,change_rules_in_place;tune_parameters;promote_to_real_money,New version id plus candidate evidence if changed.,Continued weak paper-forward comparison.,Can be studied as comparator; current paper-forward version remains frozen.,,,
B_ETF_trend_following,B ETF Trend Following,etf_research,ETF,trend_following,v1,current_no_cash_proxy_alpha_AB,tier3_candidate_validation,too_slow,archived_comparator,True,False,implemented,existing_adjusted_etf_cache,etf_research_evidence,evidence/latest/,Useful A/B component but not leading against SPY_200d in exact challenge audit.,audit_harden,change_rules_in_place;tune_parameters;promote_to_real_money,New version id plus candidate evidence if changed.,Continued weak comparison to benchmark candidates.,Comparator only unless a new version is proposed.,,,
C_swing_trend_pullback,C Swing Trend Pullback,archive,ETF,swing_pullback,v1,,blocked,rejected,rejected_satellite,True,False,archived,existing_adjusted_etf_cache,etf_research_evidence,evidence/latest/,Weak and killed by loss budgets in prior tournament evidence.,reject_or_archive,active_observation;paper_forward;tune_parameters;promote_to_real_money,New isolated version and fresh evidence required before reconsideration.,Already rejected.,Must not be active paper-forward.,,,
D_mean_reversion,D Mean Reversion,archive,ETF,mean_reversion,v1,,blocked,rejected,rejected_satellite,True,False,archived,existing_adjusted_etf_cache,etf_research_evidence,evidence/latest/,Weak and killed by loss budgets in prior tournament evidence.,reject_or_archive,active_observation;paper_forward;tune_parameters;promote_to_real_money,New isolated version and fresh evidence required before reconsideration.,Already rejected.,Must not be active paper-forward.,,,
E_breakout_vcb,E Breakout VCB,archive,ETF,breakout,v1,,blocked,rejected,rejected_satellite,True,False,archived,existing_adjusted_etf_cache,etf_research_evidence,evidence/latest/,Weak and killed by loss budgets in prior tournament evidence.,reject_or_archive,active_observation;paper_forward;tune_parameters;promote_to_real_money,New isolated version and fresh evidence required before reconsideration.,Already rejected.,Must not be active paper-forward.,,,
crypto_time_series_momentum,Crypto Time-Series Momentum,crypto_exploratory,crypto_spot,time_series_momentum,v1,,tier1_exploratory,exploratory_only,exploratory_screen,True,False,implemented_exploratory,yfinance_crypto_spot_cache,crypto_tier1_exploratory,evidence/exploratory/crypto_spot_momentum/latest/,Tier 1 only; not validated and not paper-forward ready.,audit_harden,paper_forward;leverage;perps;futures;margin;shorting;promote_to_real_money,Tier 2 credible prototype review; better data/execution model.,Data quality or stress-cost failure.,Exploratory only; no real-money conclusion.,,,
crypto_dual_momentum_cash_filter,Crypto Dual Momentum Cash Filter,crypto_exploratory,crypto_spot,dual_momentum,v1,,tier1_exploratory,exploratory_only,exploratory_screen,True,False,implemented_exploratory,yfinance_crypto_spot_cache,crypto_tier1_exploratory,evidence/exploratory/crypto_spot_momentum/latest/,Tier 1 only; not validated and not paper-forward ready.,audit_harden,paper_forward;leverage;perps;futures;margin;shorting;promote_to_real_money,Tier 2 credible prototype review; better data/execution model.,Data quality or stress-cost failure.,Exploratory only.,,,
crypto_cross_sectional_momentum,Crypto Cross-Sectional Momentum,crypto_exploratory,crypto_spot,cross_sectional_momentum,v1,,tier1_exploratory,exploratory_only,exploratory_screen,True,False,implemented_exploratory,yfinance_crypto_spot_cache,crypto_tier1_exploratory,evidence/exploratory/crypto_spot_momentum/latest/,Tier 1 only; not validated and not paper-forward ready.,audit_harden,paper_forward;leverage;perps;futures;margin;shorting;promote_to_real_money,Tier 2 credible prototype review; better data/execution model.,Data quality or stress-cost failure.,Exploratory only.,,,
crypto_buy_hold_equal_weight,Crypto Buy-Hold Equal Weight,crypto_exploratory,crypto_spot,buy_and_hold,v1,,tier1_exploratory,exploratory_only,exploratory_benchmark,True,False,implemented_exploratory,yfinance_crypto_spot_cache,crypto_tier1_exploratory,evidence/exploratory/crypto_spot_momentum/latest/,Tier 1 benchmark only; high drawdown risk.,audit_harden,paper_forward;leverage;perps;futures;margin;shorting;promote_to_real_money,Tier 2 credible prototype review; better data/execution model.,Data quality or stress-cost failure.,Exploratory benchmark only.,,,
crypto_simulated_leverage_1_5x,Crypto Simulated Leverage 1.5x,crypto_exploratory,crypto_spot,simulated_leverage_diagnostic,v1,crypto_buy_hold_equal_weight,tier1_exploratory,too_risky,diagnostic_only,True,False,implemented_exploratory,yfinance_crypto_spot_cache,compact_challenge_diagnostic,evidence/challenge_runs/latest/,Approximate leverage diagnostic only; not real margin or liquidation modeling.,no_action,paper_forward;leverage_live;perps;futures;margin;shorting;promote_to_real_money,Not eligible.,Already too risky.,Diagnostic only; not a strategy candidate.,,,
crypto_simulated_leverage_2_0x,Crypto Simulated Leverage 2.0x,crypto_exploratory,crypto_spot,simulated_leverage_diagnostic,v1,crypto_buy_hold_equal_weight,tier1_exploratory,too_risky,diagnostic_only,True,False,implemented_exploratory,yfinance_crypto_spot_cache,compact_challenge_diagnostic,evidence/challenge_runs/latest/,Approximate leverage diagnostic only; high stop-hit risk.,no_action,paper_forward;leverage_live;perps;futures;margin;shorting;promote_to_real_money,Not eligible.,Already too risky.,Diagnostic only; not a strategy candidate.,,,
individual_stock_momentum_gate1a,Individual Stock Momentum Gate 1A,stock_memo,equities,individual_stock_momentum,gate1a,,blocked,deferred,feasibility_memo,True,False,blocked_by_gate,vendor_review_only,gate0_gate1_gate1a_memos,evidence/latest/research_memos/gate1/individual_stock_momentum/vendor_verification/,Gate 1A decision is continue_defer; no serious prototype or toy demo approved.,continue_vendor_review,implement_loader;implement_strategy;run_backtest;approve_toy_demo;promote_to_real_money,"Verified survivorship-free data, delistings, corporate actions, licensing, and cost/runtime feasibility.",Credible data remains unavailable or too costly.,Implementation remains blocked.,,,
options_directional_gate0_needed,Options Directional Gate 0 Needed,options_memo,options,directional_options,memo_placeholder,,tier0_research_map,memo_only,future_research_placeholder,True,False,not_implemented,none,research_direction,docs/research_direction/,No Gate 0 memo yet; implementation blocked.,create_gate0_memo,implement_strategy;run_backtest;broker_integration;live_orders;promote_to_real_money,Gate 0 and Gate 1 approval.,Execution and modeling risk remains unacceptable.,Memo-only placeholder.,,,
futures_trend_following_gate0_needed,Futures Trend Following Gate 0 Needed,futures_memo,futures,trend_following,memo_placeholder,,tier0_research_map,memo_only,future_research_placeholder,True,False,not_implemented,none,research_direction,docs/research_direction/,No Gate 0 memo yet; implementation blocked.,create_gate0_memo,implement_strategy;run_backtest;broker_integration;live_orders;promote_to_real_money,Gate 0 and Gate 1 approval.,"Leverage, margin, and roll modeling remain unresolved.",Memo-only placeholder.,,,
forex_momentum_carry_gate0_needed,Forex Momentum Carry Gate 0 Needed,forex_memo,forex,momentum_carry,memo_placeholder,,tier0_research_map,memo_only,future_research_placeholder,True,False,not_implemented,none,research_direction,docs/research_direction/,No Gate 0 memo yet; implementation blocked.,create_gate0_memo,implement_strategy;run_backtest;broker_integration;live_orders;promote_to_real_money,Gate 0 and Gate 1 approval.,Execution and financing modeling remain unresolved.,Memo-only placeholder.,,,
intraday_orb_gate0_needed,Intraday ORB Gate 0 Needed,intraday_memo,intraday,opening_range_breakout,memo_placeholder,,tier0_research_map,memo_only,future_research_placeholder,True,False,not_implemented,none,research_direction,docs/research_direction/,No Gate 0 memo yet; implementation blocked.,create_gate0_memo,implement_strategy;run_backtest;broker_integration;live_orders;promote_to_real_money,Gate 0 and Gate 1 approval with timestamp-quality review.,Data quality or execution realism remains unacceptable.,Memo-only placeholder.,,,
volatility_products_gate0_needed,Volatility Products Gate 0 Needed,volatility_memo,volatility_products,volatility,memo_placeholder,,tier0_research_map,memo_only,future_research_placeholder,True,False,not_implemented,none,research_direction,docs/research_direction/,No Gate 0 memo yet; implementation blocked.,create_gate0_memo,implement_strategy;run_backtest;broker_integration;live_orders;promote_to_real_money,Gate 0 and Gate 1 approval with product-risk review.,Leverage/path-dependency risk remains unacceptable.,Memo-only placeholder.,,,
profit_GLD_200d_trend_model_v1,Profit Lab GLD 200-Day Trend Model,profit_exploration,ETF,absolute_trend,v1,GLD_buy_hold,tier2_credible_prototype,too_slow,profit_experiment,True,False,implemented_exploratory,existing_adjusted_etf_cache,profit_exploration,evidence/profit_exploration/latest/,Isolated profit exploration row; not paper-forward.,run_profit_exploration,promote_to_real_money;add_broker_integration;treat_as_validated_without_candidate_exhaustive;modify_paper_forward_rules;tune_sma_length,Separate candidate-exhaustive/Tier 2 review before any status change.,"Excess stop risk, drawdown, or stress degradation.",Predeclared profit experiment using GLD 200-day SMA and BIL fallback.,diagnostic_only,False,profit_exploration_only;not_paper_forward;no_real_money_promotion
profit_IEF_200d_trend_model_v1,Profit Lab IEF 200-Day Trend Model,profit_exploration,ETF,absolute_trend,v1,IEF_buy_hold,tier2_credible_prototype,too_slow,profit_experiment,True,False,implemented_exploratory,existing_adjusted_etf_cache,profit_exploration,evidence/profit_exploration/latest/,Isolated profit exploration row; likely defensive/slow.,run_profit_exploration,promote_to_real_money;add_broker_integration;treat_as_validated_without_candidate_exhaustive;modify_paper_forward_rules;tune_sma_length,Separate candidate-exhaustive/Tier 2 review before any status change.,Too slow for +300/+400 hurdles.,Predeclared profit experiment using IEF 200-day SMA and BIL fallback.,diagnostic_only,False,profit_exploration_only;not_paper_forward;no_real_money_promotion
profit_SPY_GLD_dual_momentum_v1,Profit Lab SPY GLD Dual Momentum,profit_exploration,multi_asset_etf,dual_momentum,v1,,tier2_credible_prototype,watchlist,profit_experiment,True,False,implemented_exploratory,existing_adjusted_etf_cache,profit_exploration,evidence/profit_exploration/latest/,Predeclared monthly SPY/GLD 126-day momentum plus 200-day SMA filter.,run_profit_exploration,promote_to_real_money;add_broker_integration;treat_as_validated_without_candidate_exhaustive;modify_paper_forward_rules;tune_lookback;tune_sma_length,Separate candidate-exhaustive/Tier 2 review before any status change.,Excess stop risk or failure to improve profit/risk versus SPY_200d.,"Independent $3,000 experiment account; not allocation advice.",diagnostic_only,False,profit_exploration_only;not_paper_forward;no_real_money_promotion
profit_SPY_GLD_IEF_dual_momentum_v1,Profit Lab SPY GLD IEF Dual Momentum,profit_exploration,multi_asset_etf,dual_momentum,v1,,tier2_credible_prototype,watchlist,profit_experiment,True,False,implemented_exploratory,existing_adjusted_etf_cache,profit_exploration,evidence/profit_exploration/latest/,Predeclared monthly top-1 SPY/GLD/IEF momentum plus 200-day SMA filter.,run_profit_exploration,promote_to_real_money;add_broker_integration;treat_as_validated_without_candidate_exhaustive;modify_paper_forward_rules;tune_lookback;tune_sma_length,Separate candidate-exhaustive/Tier 2 review before any status change.,Excess stop risk or failure to improve profit/risk versus SPY_200d.,"Independent $3,000 experiment account; not allocation advice.",diagnostic_only,False,profit_exploration_only;not_paper_forward;no_real_money_promotion
profit_multi_asset_top2_momentum_v1,Profit Lab Multi-Asset Top 2 Momentum,profit_exploration,multi_asset_etf,cross_asset_momentum,v1,,tier2_credible_prototype,watchlist,profit_experiment,True,False,implemented_exploratory,existing_adjusted_etf_cache,profit_exploration,evidence/profit_exploration/latest/,Predeclared top-2 SPY/GLD/IEF momentum with unused weight to BIL.,run_profit_exploration,promote_to_real_money;add_broker_integration;treat_as_validated_without_candidate_exhaustive;modify_paper_forward_rules;tune_lookback;tune_number_of_assets;tune_sma_length,Separate candidate-exhaustive/Tier 2 review before any status change.,"Excess stop risk, too-slow profile, or no profit/risk improvement.","Independent $3,000 experiment account; not allocation advice.",diagnostic_only,False,profit_exploration_only;not_paper_forward;no_real_money_promotion
profit_GLD_SPY_rotation_v1,Profit Lab GLD SPY Rotation,profit_exploration,multi_asset_etf,relative_momentum_rotation,v1,,tier2_credible_prototype,watchlist,profit_experiment,True,False,implemented_exploratory,existing_adjusted_etf_cache,profit_exploration,evidence/profit_exploration/latest/,Predeclared GLD/SPY 126-day rotation with 200-day SMA filter.,run_profit_exploration,promote_to_real_money;add_broker_integration;treat_as_validated_without_candidate_exhaustive;modify_paper_forward_rules;tune_lookback;tune_sma_length,Separate candidate-exhaustive/Tier 2 review before any status change.,Excess stop risk or no profit/risk improvement.,"Independent $3,000 experiment account; not allocation advice.",diagnostic_only,False,profit_exploration_only;not_paper_forward;no_real_money_promotion
profit_combo_SPY200d_GLD_50_50_v1,Profit Lab Combo SPY200d GLD 50/50,profit_exploration,fixed ETF combination,fixed_weight_combination,v1,SPY_200d_trend_model,tier2_credible_prototype,active_paper_demo_observation,profit_experiment,True,True,implemented_research_candidate,existing_adjusted_etf_cache,paper_forward_cache_update_and_observation_activation,evidence/paper_forward_observations/combo_SPY200d_GLD_50_50_v1/latest/,Controlled SPY/GLD/BIL cache update run 20260606_040551 recorded latest common cached date 2026-06-05 for requested activation date 2026-06-05. Combo is active as a separate simulated paper/demo observation track. SPY_200d remains frozen control and is not replaced. Start-date accounting audit fixed the first combo observation row to exclude pre-start returns while preserving fixed rules. Observation consistency audit passed; checkpoint status remains inconclusive_too_early.,run_monthly_paper_forward_checkpoint,activate_without_observation_prompt;replace_spy200d_without_governance;promote_to_real_money;add_broker_integration;change_strategy_rules;tune_parameters;skip_checkpoints;fabricate_missing_data;place_live_orders;observe_as_paper_forward_without_observation_plan;replace_spy200d_without_explicit_decision;change_paper_forward_rules;tune_weights,Run monthly paper/demo checkpoints under frozen rules; keep SPY_200d as frozen control; no real-money promotion without separate governance.,Excess stop risk or no profit/risk improvement versus SPY_200d.,Controlled cache update resolved the data-date blocker; combo is paper/demo only and does not replace SPY_200d. Start-date accounting audit corrected observation boundary accounting only; observation consistency audit passed; no strategy rule changed.,diagnostic_only,True,paper_demo_observation_only;no_real_money_promotion
profit_combo_SPY200d_GLD_BIL_60_30_10_v1,Profit Lab Combo SPY200d GLD BIL 60/30/10,profit_exploration,fixed ETF combination,fixed_weight_combination,v1,SPY_200d_trend_model,tier2_credible_prototype,watchlist,profit_experiment,True,False,implemented_exploratory,existing_adjusted_etf_cache,profit_exploration,evidence/profit_exploration/latest/,"Predeclared 60/30/10 SPY_200d, GLD, and BIL monthly combination account.",run_profit_exploration,promote_to_real_money;add_broker_integration;treat_as_validated_without_candidate_exhaustive;modify_paper_forward_rules;tune_weights,Separate candidate-exhaustive/Tier 2 review before any status change.,"Too slow, excess stop risk, or no profit/risk improvement.","Fixed combination is an independent experiment account, not allocation advice.",diagnostic_only,False,profit_exploration_only;not_paper_forward;no_real_money_promotion
profit_combo_SPY200d_crypto_tsmom_90_10_v1,Profit Lab Combo SPY200d Crypto TSMOM 90/10,profit_exploration,fixed ETF crypto combination,fixed_weight_combination,v1,SPY_200d_trend_model,tier1_exploratory,exploratory_only,profit_experiment,True,False,implemented_exploratory,existing_adjusted_etf_cache_and_existing_crypto_exploratory_evidence,profit_exploration,evidence/profit_exploration/latest/,Tier 1 exploratory crypto-satellite profit experiment; excluded by default.,run_profit_exploration,promote_to_real_money;add_broker_integration;treat_as_validated_without_candidate_exhaustive;modify_paper_forward_rules;tune_crypto_weight,Separate crypto gate/audit hardening before any candidate discussion.,Crypto execution/data/risk modeling remains insufficient.,Not paper-forward and not candidate-grade.,diagnostic_only,False,tier1_exploratory;profit_exploration_only;not_paper_forward;no_real_money_promotion
asset_class_tsmom_equal_weight_v1,Asset Class TSMOM Equal Weight,profit_exploration,ETF,asset_class_time_series_momentum,v1,,tier2_credible_prototype,exploratory_only,profit_exploration_research_sample,True,False,implemented_exploratory,existing_adjusted_etf_cache,profit_exploration,evidence/profit_exploration/latest/,Research-sample only; equal-weight eligible SPY/GLD/IEF trends with BIL fallback.,run_profit_exploration,observe_as_paper_forward;promote_to_real_money;add_broker_integration;treat_as_validated_without_candidate_exhaustive;tune_parameters;change_paper_forward_rules,Candidate-exhaustive review and separate promotion decision.,"Too slow, too risky, duplicate evidence, or no profit/risk improvement versus SPY_200d/combo benchmark.","Independent $3,000 profit exploration account; no leverage, no margin, no shorting.",diagnostic_only,False,research_sample_non_final;not_paper_forward;no_real_money_promotion
asset_class_tsmom_top1_v1,Asset Class TSMOM Top 1,profit_exploration,ETF,asset_class_time_series_momentum,v1,,tier2_credible_prototype,exploratory_only,profit_exploration_research_sample,True,False,implemented_exploratory,existing_adjusted_etf_cache,profit_exploration,evidence/profit_exploration/latest/,Research-sample only; top-1 SPY/GLD/IEF momentum with BIL fallback.,run_profit_exploration,observe_as_paper_forward;promote_to_real_money;add_broker_integration;treat_as_validated_without_candidate_exhaustive;tune_parameters;change_paper_forward_rules,Candidate-exhaustive review and separate promotion decision.,"Too slow, too risky, duplicate evidence, or no profit/risk improvement versus SPY_200d/combo benchmark.","Independent $3,000 profit exploration account; no leverage, no margin, no shorting.",diagnostic_only,False,research_sample_non_final;not_paper_forward;no_real_money_promotion
asset_class_tsmom_top2_v1,Asset Class TSMOM Top 2,profit_exploration,ETF,asset_class_time_series_momentum,v1,,tier2_credible_prototype,exploratory_only,profit_exploration_research_sample,True,False,implemented_exploratory,existing_adjusted_etf_cache,profit_exploration,evidence/profit_exploration/latest/,Research-sample only; top-2 SPY/GLD/IEF momentum with BIL fallback.,run_profit_exploration,observe_as_paper_forward;promote_to_real_money;add_broker_integration;treat_as_validated_without_candidate_exhaustive;tune_parameters;change_paper_forward_rules,Candidate-exhaustive review and separate promotion decision.,"Too slow, too risky, duplicate evidence, or no profit/risk improvement versus SPY_200d/combo benchmark.","Independent $3,000 profit exploration account; no leverage, no margin, no shorting.",diagnostic_only,False,research_sample_non_final;not_paper_forward;no_real_money_promotion
dual_momentum_SPY_GLD_IEF_v1,Dual Momentum SPY GLD IEF,profit_exploration,ETF,dual_momentum,v1,asset_class_tsmom_top1_v1,tier2_credible_prototype,duplicate_skipped,profit_exploration_research_sample,True,False,duplicate_skipped,existing_adjusted_etf_cache,profit_exploration,evidence/profit_exploration/latest/,Duplicate canonical rule of asset_class_tsmom_top1_v1; retained but not counted as independent evidence.,audit_harden,observe_as_paper_forward;promote_to_real_money;add_broker_integration;treat_as_validated_without_candidate_exhaustive;tune_parameters;change_paper_forward_rules,None while duplicate-skipped; use canonical row if further reviewed.,Remains duplicate evidence.,Duplicate detection prevents this row from inflating independent evidence.,diagnostic_only,False,duplicate_skipped;research_sample_non_final;not_paper_forward;no_real_money_promotion
GLD_200d_trend_model_v1,GLD 200-Day Trend Model,profit_exploration,ETF,absolute_trend,v1,GLD_buy_hold,tier2_credible_prototype,exploratory_only,profit_exploration_research_sample,True,False,implemented_exploratory,existing_adjusted_etf_cache,profit_exploration,evidence/profit_exploration/latest/,Research-sample only; GLD 200-day SMA with BIL fallback.,run_profit_exploration,observe_as_paper_forward;promote_to_real_money;add_broker_integration;treat_as_validated_without_candidate_exhaustive;tune_parameters;change_paper_forward_rules,Candidate-exhaustive review and separate promotion decision.,"Too slow, too risky, or no profit/risk improvement versus SPY_200d/combo benchmark.",Direct registry row for requested GLD trend profit experiment; existing profit_GLD row remains as prior registry naming.,diagnostic_only,False,research_sample_non_final;not_paper_forward;no_real_money_promotion
qqq_spy_gld_ief_dual_momentum_v1,QQQ/SPY/GLD/IEF Dual Momentum,profit_exploration,ETF,dual_momentum,v1,,tier2_credible_prototype,too_risky,profit_exploration_research_sample,True,False,implemented_research_sample,existing_adjusted_etf_cache,profit_exploration,evidence/profit_exploration/latest/,"Research-sample completed; high target rates but stop/drawdown behavior classified too_risky/high_upside_high_risk, with no candidate_exhaustive queue recommendation.",research_sample_review,observe_as_paper_forward;promote_to_real_money;add_broker_integration;tune_parameters;change_paper_forward_rules,"Research-sample review, possible candidate_exhaustive review, and separate promotion review if justified.","Duplicate of current finalists, too risky, unavailable data, or no improvement versus SPY_200d/combo/top2.","Implemented as research_sample only; no candidate-exhaustive, paper-forward observation, broker integration, or real-money recommendation is approved here.",diagnostic_only,False,research_sample_only;not_candidate_exhaustive;not_paper_forward_allowed
value_momentum_factor_etf_rotation_v1,Value/Momentum Factor ETF Rotation,profit_exploration,ETF,factor_rotation,v1,,tier2_credible_prototype,duplicate_or_near_duplicate,profit_exploration_research_sample,True,False,implemented_research_sample,existing_adjusted_etf_cache,profit_exploration,evidence/profit_exploration/latest/,"Research-sample completed for fixed Option A rule; equity-factor exposure share triggered duplicate/near-duplicate warning, so no candidate_exhaustive queue recommendation.",research_sample_review,run_backtest_before_implementation_prompt;observe_as_paper_forward;promote_to_real_money;add_broker_integration;tune_parameters;change_paper_forward_rules;add_factor_variants_without_review,"Research-sample review, duplicate/equity-beta risk review, possible revised gate review if a future non-variant rule is proposed, and separate promotion review if ever justified.","Short ETF history, proxy mismatch, too slow, or no diversification versus current finalists.","Implemented as research_sample only using MTUM, VTV, QUAL, USMV, SPY, and BIL. VLUE/SPLV variants are not implemented. No candidate-exhaustive, paper-forward observation, broker integration, or real-money recommendation is approved here.",diagnostic_only,False,research_sample_only;duplicate_or_near_duplicate;not_candidate_exhaustive;not_paper_forward_allowed
low_vol_quality_defensive_rotation_v1,Low-Volatility / Quality Defensive Rotation,strategy_candidate_queue,ETF,defensive_factor_rotation,v1,,tier1_research_queue,research_queue,strategy_candidate_queue_item,True,False,not_implemented,not_applicable_queue_only,strategy_candidate_queue,evidence/strategy_candidate_queue/latest/,Queue-only defensive factor candidate; target-fit review required.,research_memo,run_backtest;observe_as_paper_forward;promote_to_real_money;add_broker_integration;tune_parameters;skip_gates,"Proxy review, proof it is not too slow, implementation approval, and separate promotion review.",Too slow for +300/+400 or no improvement versus BIL/IEF/combo.,Defensive research queue item; no implementation approved.,queue_only,False,queue_only;target_fit_review_required;not_implemented;not_paper_forward_allowed
sector_top2_momentum_simple_v1,Simple Sector ETF Top-2 Momentum,profit_exploration,sector_ETF,sector_momentum,v1,A_ETF_sector_momentum,tier2_credible_prototype,watchlist,profit_exploration_research_sample,True,False,implemented_research_sample,existing_adjusted_etf_cache,profit_exploration,evidence/profit_exploration/latest/,Research_sample completed with core nine sectors XLB/XLE/XLF/XLI/XLK/XLP/XLU/XLV/XLY plus BIL fallback. It is watchlist only because the sample showed equity-beta duplicate risk and did not earn candidate_exhaustive queue status.,research_sample_review,run_backtest_before_implementation_prompt;observe_as_paper_forward;promote_to_real_money;add_broker_integration;tune_parameters;change_paper_forward_rules;add_sector_variants_without_review;add_xlc_or_xlre_without_review;modify_A_ETF_sector_momentum,"Better sampled evidence versus combo/top2 without equity-beta duplication, candidate_exhaustive review, benchmark review, and separate promotion review if justified.","Near-duplicate of A-sector stream, equity-beta duplicate warning, drawdown-budget overuse, or no improvement versus SPY_200d.","Implemented as research_sample only using the fixed core-nine universe. XLC/XLRE variants are not implemented. A_ETF_sector_momentum is not modified. Research_sample verdict is watchlist, not candidate_exhaustive_queue. No paper-forward observation, broker integration, or real-money recommendation is approved here.",diagnostic_only,False,research_sample_only;not_candidate_exhaustive;not_paper_forward_allowed
managed_futures_proxy_etf_trend_v1,Managed-Futures Proxy ETF Trend,profit_exploration,ETF_or_fund_proxy,managed_futures_style_trend,v1,,tier2_credible_prototype,too_slow,profit_exploration_research_sample,True,False,implemented_research_sample,existing_adjusted_etf_cache,profit_exploration,evidence/profit_exploration/latest/,"Managed-futures proxy research_sample implementation uses DBMF/KMLM wrapper prices and BIL fallback only. The research_sample row showed low +300/+400 target rates versus combo/top2 with no stop hits and lower drawdown, so current verdict is too_slow rather than candidate_exhaustive. Evidence must stay short-history and fund-wrapper proxy labeled; no direct futures strategy evidence is claimed.",research_sample_review,observe_as_paper_forward;promote_to_real_money;add_broker_integration;tune_parameters;change_paper_forward_rules;add_futures_contract_logic;skip_methodology_gate;treat_as_direct_futures_strategy;add_CTA_FMF_WTMF_without_review,"Research_sample review, possible candidate_exhaustive short-history gate if justified, benchmark/correlation review, and separate promotion review if ever justified.","Too slow for +300/+400, stop/drawdown worse than combo/top2, one-fund dependence, proxy mismatch, or no diversification versus current finalists.","Implemented as research_sample only using DBMF, KMLM, and BIL. CTA/FMF/WTMF are not implemented. No futures contract logic is added. No candidate-exhaustive, paper-forward observation, broker integration, or real-money recommendation is approved here.",diagnostic_only,False,research_sample_only;short_history;fund_wrapper_proxy_only;too_slow;not_candidate_exhaustive;not_paper_forward_allowed
combo_plus_top2_50_50_v1,Combo Plus Top2 50/50,profit_exploration,fixed ETF combination,fixed_strategy_combination,v1,profit_combo_SPY200d_GLD_50_50_v1,tier2_credible_prototype,duplicate_or_near_duplicate,profit_exploration_research_sample,True,False,implemented_research_sample,existing_adjusted_etf_cache,profit_exploration_and_combination_lab,evidence/combination_lab/batch1_diagnostics_completion/latest/,Historical Combination Batch 1 research_sample completed as fixed 50/50 blend of combo_SPY200d_GLD_50_50_v1 and asset_class_tsmom_top2_v1. Verdict audit corrected the label from too_slow to duplicate_or_near_duplicate because correlations to combo/top2 were high and duplicate warning was true. Diagnostics completion found no meaningful incremental target-window case for advancement. No candidate_exhaustive queue. Active combo paper/demo rules were not changed and SPY_200d was not replaced.,research_sample_review,observe_as_paper_forward;promote_to_real_money;add_broker_integration;place_live_orders;tune_weights;change_active_combo_rules;replace_spy200d,Separate research_sample review and candidate_exhaustive review only if future evidence justifies it.,"Duplicate behavior, too slow, worse drawdown/stop risk versus combo/top2, or no stop-aware improvement.","Fixed predeclared Batch 1 combination; no optimized weights, no paper-forward activation, no broker integration, and no real-money recommendation.",diagnostic_only,False,research_sample_only;duplicate_or_near_duplicate;not_candidate_exhaustive;not_paper_forward_allowed
combo_plus_managed_futures_80_20_v1,Combo Plus Managed Futures Proxy 80/20,profit_exploration,fixed ETF/fund-wrapper combination,fixed_strategy_combination,v1,profit_combo_SPY200d_GLD_50_50_v1,tier2_credible_prototype,short_history_watchlist,profit_exploration_research_sample,True,False,implemented_research_sample,existing_adjusted_etf_cache,profit_exploration_and_combination_lab,evidence/combination_lab/batch1_diagnostics_completion/latest/,Historical Combination Batch 1 research_sample completed as fixed 80/20 blend of combo_SPY200d_GLD_50_50_v1 and managed_futures_proxy_etf_trend_v1. Verdict audit corrected the label from generic too_slow to short_history_watchlist. It was too slow at 30/60 days but had stronger 180-day target rates and lower drawdown-budget usage. Diagnostics completion found no incremental 180-day +300/+400 target windows versus combo/top2; the sleeve mainly reduced drawdown magnitude. No candidate_exhaustive queue. Managed-futures sleeve remains short-history fund-wrapper proxy evidence only.,research_sample_review,observe_as_paper_forward;promote_to_real_money;add_broker_integration;place_live_orders;tune_weights;change_active_combo_rules;replace_spy200d;add_futures_contract_logic;treat_as_direct_futures_strategy,Separate research_sample review and candidate_exhaustive short-history gate only if future evidence justifies it.,"Short-history proxy limitations, 30/60-day target weakness, worse drawdown/stop risk, or no stop-aware improvement versus combo/top2.",Fixed predeclared Batch 1 combination using DBMF/KMLM wrapper proxy evidence through managed_futures_proxy_etf_trend_v1; no futures contract logic is added.,diagnostic_only,False,research_sample_only;short_horizon_too_slow;short_history;fund_wrapper_proxy_only;target_window_co_movement_available_no_incremental_hits;not_candidate_exhaustive;not_paper_forward_allowed
top2_plus_managed_futures_80_20_v1,Top2 Plus Managed Futures Proxy 80/20,profit_exploration,fixed ETF/fund-wrapper combination,fixed_strategy_combination,v1,asset_class_tsmom_top2_v1,tier2_credible_prototype,short_history_watchlist,profit_exploration_research_sample,True,False,implemented_research_sample,existing_adjusted_etf_cache,profit_exploration_and_combination_lab,evidence/combination_lab/batch1_diagnostics_completion/latest/,Historical Combination Batch 1 research_sample completed as fixed 80/20 blend of asset_class_tsmom_top2_v1 and managed_futures_proxy_etf_trend_v1. Verdict audit corrected the label from generic too_slow to short_history_watchlist. It was too slow at 30/60 days but had stronger 180-day target rates and lower drawdown-budget usage. Diagnostics completion found no incremental 180-day +300/+400 target windows versus combo/top2; the sleeve mainly reduced drawdown magnitude. No candidate_exhaustive queue. Managed-futures sleeve remains short-history fund-wrapper proxy evidence only.,research_sample_review,observe_as_paper_forward;promote_to_real_money;add_broker_integration;place_live_orders;tune_weights;change_active_combo_rules;replace_spy200d;add_futures_contract_logic;treat_as_direct_futures_strategy,Separate research_sample review and candidate_exhaustive short-history gate only if future evidence justifies it.,"Short-history proxy limitations, target dilution, 30/60-day target weakness, worse drawdown/stop risk, or no stop-aware improvement versus combo/top2.",Fixed predeclared Batch 1 combination using DBMF/KMLM wrapper proxy evidence through managed_futures_proxy_etf_trend_v1; no futures contract logic is added.,diagnostic_only,False,research_sample_only;short_horizon_too_slow;short_history;fund_wrapper_proxy_only;target_window_co_movement_available_no_incremental_hits;not_candidate_exhaustive;not_paper_forward_allowed
treasury_duration_trend_rotation_v1,Treasury Duration Trend Rotation,strategy_candidate_queue,Treasury_ETF,bond_trend_rotation,v1,IEF_buy_hold,tier1_research_queue,research_queue,strategy_candidate_queue_item,True,False,not_implemented,not_applicable_queue_only,strategy_candidate_queue,evidence/strategy_candidate_queue/latest/,Queue-only treasury duration candidate; likely defensive and possibly too slow.,data_availability_review,run_backtest;observe_as_paper_forward;promote_to_real_money;add_broker_integration;tune_parameters;skip_gates,"Symbol availability review, target-potential review, implementation approval, and separate promotion review.",Too slow for +300/+400 or no drawdown improvement versus BIL/IEF/combo.,Defensive bond ETF queue item only.,queue_only,False,queue_only;data_cache_review_required;not_implemented;not_paper_forward_allowed
commodity_basket_etf_momentum_v1,Commodity Basket ETF Momentum,strategy_candidate_queue,commodity_ETF,commodity_momentum,v1,GLD_buy_hold,tier1_research_queue,provider_review_required,strategy_candidate_queue_item,True,False,not_implemented,not_applicable_queue_only,historical_research_queue_reprioritization_after_stock_data_blockers,evidence/research_memos/queue_reprioritization/latest/,"Queue reprioritization after individual-stock provider blockers selected commodity basket ETF momentum as the next historical family for product/data review only. Illustrative symbols DBC, PDBC, COMT, GSG, and USCI are not approved yet. No strategy implementation, data loader, data download, provider API call, backtest, Profit Exploration, paper-forward change, or real-money recommendation occurred.",create_commodity_basket_etf_momentum_review,implement_without_review;run_backtest_without_gate;download_data_without_terms_review;run_backtest;observe_as_paper_forward;promote_to_real_money;add_broker_integration;place_live_orders;tune_parameters;skip_gates,"Product/fund/issuer review, symbol availability review, inception/common-overlap review, roll-yield/product-structure review, target potential review, and separate implementation approval.","Roll-yield distortion, short history, too risky, or no improvement versus GLD/combo.","Queue-only review target. Candidate symbols are illustrative only; no data download, product approval, implementation, backtest, paper-forward observation, broker integration, live order, or real-money recommendation.",provider_review_required,False,product_structure_review_required;inception_overlap_review_required;commodity_roll_risk_review_required;not_implemented;not_paper_forward_allowed
crypto_spot_tsmom_tier2_review_v1,Crypto Spot TSMOM Tier-2 Review Candidate,strategy_candidate_queue,crypto_spot,crypto_spot_trend,v1,crypto_time_series_momentum,tier1_research_queue,data_gated,strategy_candidate_queue_item,True,False,not_implemented,not_applicable_queue_only,strategy_candidate_queue,evidence/strategy_candidate_queue/latest/,Queue-only crypto Tier 2 review candidate; existing crypto evidence remains Tier 1 exploratory.,research_memo,run_backtest;observe_as_paper_forward;promote_to_real_money;add_broker_integration;tune_parameters;skip_gates,"Dedicated Tier 2 data/execution memo with exchange-specific data, fees, spreads, and 24/7 handling.","Execution friction, data quality, or stop risk invalidates target potential.","No crypto changes, leverage, perps, futures, margin, or broker/exchange work in this task.",data_and_execution_gated,False,queue_only;crypto_tier2_required;execution_model_missing;not_implemented
individual_stock_momentum_gate1b_v1,Individual Stock Momentum Gate 1F Sharadar Fallback Review,strategy_candidate_queue,individual_stocks,individual_stock_momentum,v1,individual_stock_momentum_gate1a,tier1_research_queue,conditional_pending_package_and_terms_selection,strategy_candidate_queue_item,True,False,not_implemented,not_applicable_queue_only,individual_stock_momentum_gate1f_sharadar_fallback_review,evidence/research_memos/gate1f/individual_stock_momentum/latest/,"Gate 1F Sharadar fallback review completed after Norgate was blocked for no local access. Nasdaq Data Link / Sharadar remains a plausible serious provider path, but package/table selection, terms/security, local cache rights, delisting treatment, and PIT/all-listed universe support remain unresolved. No stock strategy, stock loader, provider API call, data download, backtest, Profit Exploration, candidate_exhaustive, or paper-forward approval occurred.",user_select_sharadar_package,run_backtest;implement_strategy_without_data_gate;download_stock_data_without_gate1e;call_provider_api_without_terms_security;download_full_stock_universe;run_stock_backtest_before_tiny_sample_quality;call_provider_without_terms_acceptance;download_stock_data_without_tiny_sample_gate;download_stock_data_without_provider_terms_review;use_current_ticker_only_as_serious_evidence;ignore_delistings;ignore_survivorship_bias;observe_as_paper_forward;promote_to_real_money;add_broker_integration;place_live_orders;tune_parameters;skip_gates,"Survivorship-free data, delisting returns, point-in-time universe, execution model, cost/runtime, benchmark review, provider/access verification, Sharadar package/table selection, terms/security/cache-rights review, and a future tiny-sample quality review before any implementation.","Data access infeasible, costs too high, survivorship controls missing, or execution model unavailable.","Research-only Gate 1F Sharadar fallback review only. Norgate remains blocked for no local access; Sharadar is plausible but still pending package and terms selection. Current-ticker yfinance stock momentum is toy-only, not serious evidence. No provider calls, API keys, secrets, stock data loader, stock strategy, broker integration, live orders, or real-money recommendation are approved.",data_gated,False,sharadar_package_not_selected;terms_acceptance_not_confirmed;cache_rights_unclear;delisting_treatment_unknown;point_in_time_universe_unclear;not_implemented
options_futures_forex_intraday_blocked_reference_v1,High-Complexity Instrument Blocked Reference,strategy_candidate_queue,options_futures_forex_intraday_volatility,multi_blocked_reference,v1,,blocked_by_gate,reject_for_now,strategy_candidate_queue_item,True,False,not_implemented,not_applicable_queue_only,strategy_candidate_queue,evidence/strategy_candidate_queue/latest/,"Queue-only blocked reference for options, futures, forex, intraday, volatility products, and crypto leverage/perps.",research_memo,run_backtest;observe_as_paper_forward;promote_to_real_money;add_broker_integration;tune_parameters;skip_gates,Full Gate 0 and Gate 1 before any code.,"Remains blocked until data, execution, margin, spread, roll, chain, and timestamp models exist.",Blocked reference only; no high-complexity instrument implementation is approved.,blocked_by_gate,False,queue_only;execution_model_missing;data_model_missing;risk_model_missing;not_implemented
