reference_month,bls_release_date,bls_current_level,bls_prior_year_level_as_of_release,alfred_vintage_date,alfred_current_level,alfred_prior_year_level,alfred_comparison_status,same_information_state_computation,source_reconciliation_status,material_point_in_time_blocker,notes
2005-07,2005-08-16,195.4,189.4,,,,not_available_BLS_archive_hierarchy_complete,true,rounding_only_difference,false,CPI-U NSA is final when released; archived BLS levels and published 12-month rate establish the decision-time state without current revised history.
2005-08,2005-09-15,196.4,189.5,,,,not_available_BLS_archive_hierarchy_complete,true,rounding_only_difference,false,CPI-U NSA is final when released; archived BLS levels and published 12-month rate establish the decision-time state without current revised history.
2005-09,2005-10-14,198.8,189.9,,,,not_available_BLS_archive_hierarchy_complete,true,rounding_only_difference,false,CPI-U NSA is final when released; archived BLS levels and published 12-month rate establish the decision-time state without current revised history.
2005-10,2005-11-16,199.2,190.9,,,,not_available_BLS_archive_hierarchy_complete,true,rounding_only_difference,false,CPI-U NSA is final when released; archived BLS levels and published 12-month rate establish the decision-time state without current revised history.
2005-11,2005-12-15,197.6,191.0,,,,not_available_BLS_archive_hierarchy_complete,true,rounding_only_difference,false,CPI-U NSA is final when released; archived BLS levels and published 12-month rate establish the decision-time state without current revised history.
2005-12,2006-01-18,196.8,190.3,,,,not_available_BLS_archive_hierarchy_complete,true,rounding_only_difference,false,CPI-U NSA is final when released; archived BLS levels and published 12-month rate establish the decision-time state without current revised history.
2006-01,2006-02-22,198.3,190.7,,,,not_available_BLS_archive_hierarchy_complete,true,rounding_only_difference,false,CPI-U NSA is final when released; archived BLS levels and published 12-month rate establish the decision-time state without current revised history.
2006-02,2006-03-16,198.7,191.8,,,,not_available_BLS_archive_hierarchy_complete,true,rounding_only_difference,false,CPI-U NSA is final when released; archived BLS levels and published 12-month rate establish the decision-time state without current revised history.
2006-03,2006-04-19,199.8,193.3,,,,not_available_BLS_archive_hierarchy_complete,true,rounding_only_difference,false,CPI-U NSA is final when released; archived BLS levels and published 12-month rate establish the decision-time state without current revised history.
2006-04,2006-05-17,201.5,194.6,,,,not_available_BLS_archive_hierarchy_complete,true,rounding_only_difference,false,CPI-U NSA is final when released; archived BLS levels and published 12-month rate establish the decision-time state without current revised history.
2006-05,2006-06-14,202.5,194.4,,,,not_available_BLS_archive_hierarchy_complete,true,rounding_only_difference,false,CPI-U NSA is final when released; archived BLS levels and published 12-month rate establish the decision-time state without current revised history.
2006-06,2006-07-19,202.9,194.5,,,,not_available_BLS_archive_hierarchy_complete,true,rounding_only_difference,false,CPI-U NSA is final when released; archived BLS levels and published 12-month rate establish the decision-time state without current revised history.
2006-07,2006-08-16,203.5,195.4,,,,not_available_BLS_archive_hierarchy_complete,true,rounding_only_difference,false,CPI-U NSA is final when released; archived BLS levels and published 12-month rate establish the decision-time state without current revised history.
2006-08,2006-09-15,203.9,196.4,,,,not_available_BLS_archive_hierarchy_complete,true,rounding_only_difference,false,CPI-U NSA is final when released; archived BLS levels and published 12-month rate establish the decision-time state without current revised history.
2006-09,2006-10-18,202.9,198.8,,,,not_available_BLS_archive_hierarchy_complete,true,rounding_only_difference,false,CPI-U NSA is final when released; archived BLS levels and published 12-month rate establish the decision-time state without current revised history.
2006-10,2006-11-16,201.8,199.2,,,,not_available_BLS_archive_hierarchy_complete,true,rounding_only_difference,false,CPI-U NSA is final when released; archived BLS levels and published 12-month rate establish the decision-time state without current revised history.
2006-11,2006-12-15,201.5,197.6,,,,not_available_BLS_archive_hierarchy_complete,true,rounding_only_difference,false,CPI-U NSA is final when released; archived BLS levels and published 12-month rate establish the decision-time state without current revised history.
2006-12,2007-01-18,201.8,196.8,,,,not_available_BLS_archive_hierarchy_complete,true,rounding_only_difference,false,CPI-U NSA is final when released; archived BLS levels and published 12-month rate establish the decision-time state without current revised history.
2007-01,2007-02-21,202.416,198.3,,,,not_available_BLS_archive_hierarchy_complete,true,rounding_only_difference,false,CPI-U NSA is final when released; archived BLS levels and published 12-month rate establish the decision-time state without current revised history.
2007-02,2007-03-16,203.499,198.7,,,,not_available_BLS_archive_hierarchy_complete,true,rounding_only_difference,false,CPI-U NSA is final when released; archived BLS levels and published 12-month rate establish the decision-time state without current revised history.
2007-03,2007-04-17,205.352,199.8,,,,not_available_BLS_archive_hierarchy_complete,true,rounding_only_difference,false,CPI-U NSA is final when released; archived BLS levels and published 12-month rate establish the decision-time state without current revised history.
2007-04,2007-05-15,206.686,201.5,,,,not_available_BLS_archive_hierarchy_complete,true,rounding_only_difference,false,CPI-U NSA is final when released; archived BLS levels and published 12-month rate establish the decision-time state without current revised history.
2007-05,2007-06-15,207.949,202.5,,,,not_available_BLS_archive_hierarchy_complete,true,rounding_only_difference,false,CPI-U NSA is final when released; archived BLS levels and published 12-month rate establish the decision-time state without current revised history.
2007-06,2007-07-18,208.352,202.9,,,,not_available_BLS_archive_hierarchy_complete,true,rounding_only_difference,false,CPI-U NSA is final when released; archived BLS levels and published 12-month rate establish the decision-time state without current revised history.
2007-07,2007-08-15,208.299,203.5,,,,not_available_BLS_archive_hierarchy_complete,true,rounding_only_difference,false,CPI-U NSA is final when released; archived BLS levels and published 12-month rate establish the decision-time state without current revised history.
2007-08,2007-09-19,207.917,203.9,,,,not_available_BLS_archive_hierarchy_complete,true,rounding_only_difference,false,CPI-U NSA is final when released; archived BLS levels and published 12-month rate establish the decision-time state without current revised history.
2007-09,2007-10-17,208.490,202.9,,,,not_available_BLS_archive_hierarchy_complete,true,rounding_only_difference,false,CPI-U NSA is final when released; archived BLS levels and published 12-month rate establish the decision-time state without current revised history.
2007-10,2007-11-15,208.936,201.8,,,,not_available_BLS_archive_hierarchy_complete,true,rounding_only_difference,false,CPI-U NSA is final when released; archived BLS levels and published 12-month rate establish the decision-time state without current revised history.
2007-11,2007-12-14,210.177,201.5,,,,not_available_BLS_archive_hierarchy_complete,true,rounding_only_difference,false,CPI-U NSA is final when released; archived BLS levels and published 12-month rate establish the decision-time state without current revised history.
2007-12,2008-01-16,210.036,201.8,,,,not_available_BLS_archive_hierarchy_complete,true,rounding_only_difference,false,CPI-U NSA is final when released; archived BLS levels and published 12-month rate establish the decision-time state without current revised history.
2008-01,2008-02-20,211.080,202.416,,,,not_available_BLS_archive_hierarchy_complete,true,rounding_only_difference,false,CPI-U NSA is final when released; archived BLS levels and published 12-month rate establish the decision-time state without current revised history.
2008-02,2008-03-14,211.693,203.499,,,,not_available_BLS_archive_hierarchy_complete,true,rounding_only_difference,false,CPI-U NSA is final when released; archived BLS levels and published 12-month rate establish the decision-time state without current revised history.
2008-03,2008-04-16,213.528,205.352,,,,not_available_BLS_archive_hierarchy_complete,true,rounding_only_difference,false,CPI-U NSA is final when released; archived BLS levels and published 12-month rate establish the decision-time state without current revised history.
2008-04,2008-05-14,214.823,206.686,,,,not_available_BLS_archive_hierarchy_complete,true,rounding_only_difference,false,CPI-U NSA is final when released; archived BLS levels and published 12-month rate establish the decision-time state without current revised history.
2008-05,2008-06-13,216.632,207.949,,,,not_available_BLS_archive_hierarchy_complete,true,rounding_only_difference,false,CPI-U NSA is final when released; archived BLS levels and published 12-month rate establish the decision-time state without current revised history.
2008-06,2008-07-16,218.815,208.352,,,,not_available_BLS_archive_hierarchy_complete,true,rounding_only_difference,false,CPI-U NSA is final when released; archived BLS levels and published 12-month rate establish the decision-time state without current revised history.
2008-07,2008-08-14,219.964,208.299,,,,not_available_BLS_archive_hierarchy_complete,true,rounding_only_difference,false,CPI-U NSA is final when released; archived BLS levels and published 12-month rate establish the decision-time state without current revised history.
2008-08,2008-09-16,219.086,207.917,,,,not_available_BLS_archive_hierarchy_complete,true,rounding_only_difference,false,CPI-U NSA is final when released; archived BLS levels and published 12-month rate establish the decision-time state without current revised history.
2008-09,2008-10-16,218.783,208.490,,,,not_available_BLS_archive_hierarchy_complete,true,rounding_only_difference,false,CPI-U NSA is final when released; archived BLS levels and published 12-month rate establish the decision-time state without current revised history.
2008-10,2008-11-19,216.573,208.936,,,,not_available_BLS_archive_hierarchy_complete,true,rounding_only_difference,false,CPI-U NSA is final when released; archived BLS levels and published 12-month rate establish the decision-time state without current revised history.
2008-11,2008-12-16,212.425,210.177,,,,not_available_BLS_archive_hierarchy_complete,true,rounding_only_difference,false,CPI-U NSA is final when released; archived BLS levels and published 12-month rate establish the decision-time state without current revised history.
2008-12,2009-01-16,210.228,210.036,,,,not_available_BLS_archive_hierarchy_complete,true,rounding_only_difference,false,CPI-U NSA is final when released; archived BLS levels and published 12-month rate establish the decision-time state without current revised history.
2009-01,2009-02-20,211.143,211.080,,,,not_available_BLS_archive_hierarchy_complete,true,rounding_only_difference,false,CPI-U NSA is final when released; archived BLS levels and published 12-month rate establish the decision-time state without current revised history.
2009-02,2009-03-18,212.193,211.693,,,,not_available_BLS_archive_hierarchy_complete,true,rounding_only_difference,false,CPI-U NSA is final when released; archived BLS levels and published 12-month rate establish the decision-time state without current revised history.
2009-03,2009-04-15,212.709,213.528,,,,not_available_BLS_archive_hierarchy_complete,true,rounding_only_difference,false,CPI-U NSA is final when released; archived BLS levels and published 12-month rate establish the decision-time state without current revised history.
2009-04,2009-05-15,213.240,214.823,,,,not_available_BLS_archive_hierarchy_complete,true,rounding_only_difference,false,CPI-U NSA is final when released; archived BLS levels and published 12-month rate establish the decision-time state without current revised history.
2009-05,2009-06-17,213.856,216.632,,,,not_available_BLS_archive_hierarchy_complete,true,rounding_only_difference,false,CPI-U NSA is final when released; archived BLS levels and published 12-month rate establish the decision-time state without current revised history.
2009-06,2009-07-15,215.693,218.815,,,,not_available_BLS_archive_hierarchy_complete,true,rounding_only_difference,false,CPI-U NSA is final when released; archived BLS levels and published 12-month rate establish the decision-time state without current revised history.
2009-07,2009-08-14,215.351,219.964,,,,not_available_BLS_archive_hierarchy_complete,true,rounding_only_difference,false,CPI-U NSA is final when released; archived BLS levels and published 12-month rate establish the decision-time state without current revised history.
2009-08,2009-09-16,215.834,219.086,,,,not_available_BLS_archive_hierarchy_complete,true,rounding_only_difference,false,CPI-U NSA is final when released; archived BLS levels and published 12-month rate establish the decision-time state without current revised history.
2009-09,2009-10-15,215.969,218.783,,,,not_available_BLS_archive_hierarchy_complete,true,rounding_only_difference,false,CPI-U NSA is final when released; archived BLS levels and published 12-month rate establish the decision-time state without current revised history.
2009-10,2009-11-18,216.177,216.573,,,,not_available_BLS_archive_hierarchy_complete,true,rounding_only_difference,false,CPI-U NSA is final when released; archived BLS levels and published 12-month rate establish the decision-time state without current revised history.
2009-11,2009-12-16,216.330,212.425,,,,not_available_BLS_archive_hierarchy_complete,true,rounding_only_difference,false,CPI-U NSA is final when released; archived BLS levels and published 12-month rate establish the decision-time state without current revised history.
2009-12,2010-01-15,215.949,210.228,,,,not_available_BLS_archive_hierarchy_complete,true,rounding_only_difference,false,CPI-U NSA is final when released; archived BLS levels and published 12-month rate establish the decision-time state without current revised history.
2010-01,2010-02-19,216.687,211.143,,,,not_available_BLS_archive_hierarchy_complete,true,rounding_only_difference,false,CPI-U NSA is final when released; archived BLS levels and published 12-month rate establish the decision-time state without current revised history.
2010-02,2010-03-18,216.741,212.193,,,,not_available_BLS_archive_hierarchy_complete,true,rounding_only_difference,false,CPI-U NSA is final when released; archived BLS levels and published 12-month rate establish the decision-time state without current revised history.
2010-03,2010-04-14,217.631,212.709,,,,not_available_BLS_archive_hierarchy_complete,true,rounding_only_difference,false,CPI-U NSA is final when released; archived BLS levels and published 12-month rate establish the decision-time state without current revised history.
2010-04,2010-05-19,218.009,213.240,,,,not_available_BLS_archive_hierarchy_complete,true,rounding_only_difference,false,CPI-U NSA is final when released; archived BLS levels and published 12-month rate establish the decision-time state without current revised history.
2010-05,2010-06-17,218.178,213.856,,,,not_available_BLS_archive_hierarchy_complete,true,rounding_only_difference,false,CPI-U NSA is final when released; archived BLS levels and published 12-month rate establish the decision-time state without current revised history.
2010-06,2010-07-16,217.965,215.693,,,,not_available_BLS_archive_hierarchy_complete,true,rounding_only_difference,false,CPI-U NSA is final when released; archived BLS levels and published 12-month rate establish the decision-time state without current revised history.
2010-07,2010-08-13,218.011,215.351,,,,not_available_BLS_archive_hierarchy_complete,true,rounding_only_difference,false,CPI-U NSA is final when released; archived BLS levels and published 12-month rate establish the decision-time state without current revised history.
2010-08,2010-09-17,218.312,215.834,,,,not_available_BLS_archive_hierarchy_complete,true,rounding_only_difference,false,CPI-U NSA is final when released; archived BLS levels and published 12-month rate establish the decision-time state without current revised history.
2010-09,2010-10-15,218.439,215.969,,,,not_available_BLS_archive_hierarchy_complete,true,rounding_only_difference,false,CPI-U NSA is final when released; archived BLS levels and published 12-month rate establish the decision-time state without current revised history.
2010-10,2010-11-17,218.711,216.177,,,,not_available_BLS_archive_hierarchy_complete,true,rounding_only_difference,false,CPI-U NSA is final when released; archived BLS levels and published 12-month rate establish the decision-time state without current revised history.
2010-11,2010-12-15,218.803,216.330,,,,not_available_BLS_archive_hierarchy_complete,true,rounding_only_difference,false,CPI-U NSA is final when released; archived BLS levels and published 12-month rate establish the decision-time state without current revised history.
2010-12,2011-01-14,219.179,215.949,,,,not_available_BLS_archive_hierarchy_complete,true,rounding_only_difference,false,CPI-U NSA is final when released; archived BLS levels and published 12-month rate establish the decision-time state without current revised history.
2011-01,2011-02-17,220.223,216.687,,,,not_available_BLS_archive_hierarchy_complete,true,rounding_only_difference,false,CPI-U NSA is final when released; archived BLS levels and published 12-month rate establish the decision-time state without current revised history.
2011-02,2011-03-17,221.309,216.741,,,,not_available_BLS_archive_hierarchy_complete,true,rounding_only_difference,false,CPI-U NSA is final when released; archived BLS levels and published 12-month rate establish the decision-time state without current revised history.
2011-03,2011-04-15,223.467,217.631,,,,not_available_BLS_archive_hierarchy_complete,true,rounding_only_difference,false,CPI-U NSA is final when released; archived BLS levels and published 12-month rate establish the decision-time state without current revised history.
2011-04,2011-05-13,224.906,218.009,,,,not_available_BLS_archive_hierarchy_complete,true,rounding_only_difference,false,CPI-U NSA is final when released; archived BLS levels and published 12-month rate establish the decision-time state without current revised history.
2011-05,2011-06-15,225.964,218.178,,,,not_available_BLS_archive_hierarchy_complete,true,rounding_only_difference,false,CPI-U NSA is final when released; archived BLS levels and published 12-month rate establish the decision-time state without current revised history.
2011-06,2011-07-15,225.722,217.965,,,,not_available_BLS_archive_hierarchy_complete,true,rounding_only_difference,false,CPI-U NSA is final when released; archived BLS levels and published 12-month rate establish the decision-time state without current revised history.
2011-07,2011-08-18,225.922,218.011,,,,not_available_BLS_archive_hierarchy_complete,true,rounding_only_difference,false,CPI-U NSA is final when released; archived BLS levels and published 12-month rate establish the decision-time state without current revised history.
2011-08,2011-09-15,226.545,218.312,,,,not_available_BLS_archive_hierarchy_complete,true,rounding_only_difference,false,CPI-U NSA is final when released; archived BLS levels and published 12-month rate establish the decision-time state without current revised history.
2011-09,2011-10-19,226.889,218.439,,,,not_available_BLS_archive_hierarchy_complete,true,rounding_only_difference,false,CPI-U NSA is final when released; archived BLS levels and published 12-month rate establish the decision-time state without current revised history.
2011-10,2011-11-16,226.421,218.711,,,,not_available_BLS_archive_hierarchy_complete,true,rounding_only_difference,false,CPI-U NSA is final when released; archived BLS levels and published 12-month rate establish the decision-time state without current revised history.
2011-11,2011-12-16,226.230,218.803,,,,not_available_BLS_archive_hierarchy_complete,true,rounding_only_difference,false,CPI-U NSA is final when released; archived BLS levels and published 12-month rate establish the decision-time state without current revised history.
2011-12,2012-01-19,225.672,219.179,,,,not_available_BLS_archive_hierarchy_complete,true,rounding_only_difference,false,CPI-U NSA is final when released; archived BLS levels and published 12-month rate establish the decision-time state without current revised history.
2012-01,2012-02-17,226.665,220.223,,,,not_available_BLS_archive_hierarchy_complete,true,rounding_only_difference,false,CPI-U NSA is final when released; archived BLS levels and published 12-month rate establish the decision-time state without current revised history.
2012-02,2012-03-16,227.663,221.309,,,,not_available_BLS_archive_hierarchy_complete,true,rounding_only_difference,false,CPI-U NSA is final when released; archived BLS levels and published 12-month rate establish the decision-time state without current revised history.
2012-03,2012-04-13,229.392,223.467,,,,not_available_BLS_archive_hierarchy_complete,true,rounding_only_difference,false,CPI-U NSA is final when released; archived BLS levels and published 12-month rate establish the decision-time state without current revised history.
2012-04,2012-05-15,230.085,224.906,,,,not_available_BLS_archive_hierarchy_complete,true,rounding_only_difference,false,CPI-U NSA is final when released; archived BLS levels and published 12-month rate establish the decision-time state without current revised history.
2012-05,2012-06-14,229.815,225.964,,,,not_available_BLS_archive_hierarchy_complete,true,rounding_only_difference,false,CPI-U NSA is final when released; archived BLS levels and published 12-month rate establish the decision-time state without current revised history.
2012-06,2012-07-17,229.478,225.722,,,,not_available_BLS_archive_hierarchy_complete,true,rounding_only_difference,false,CPI-U NSA is final when released; archived BLS levels and published 12-month rate establish the decision-time state without current revised history.
2012-07,2012-08-15,229.104,225.922,,,,not_available_BLS_archive_hierarchy_complete,true,rounding_only_difference,false,CPI-U NSA is final when released; archived BLS levels and published 12-month rate establish the decision-time state without current revised history.
2012-08,2012-09-14,230.379,226.545,,,,not_available_BLS_archive_hierarchy_complete,true,rounding_only_difference,false,CPI-U NSA is final when released; archived BLS levels and published 12-month rate establish the decision-time state without current revised history.
2012-09,2012-10-16,231.407,226.889,,,,not_available_BLS_archive_hierarchy_complete,true,rounding_only_difference,false,CPI-U NSA is final when released; archived BLS levels and published 12-month rate establish the decision-time state without current revised history.
2012-10,2012-11-15,231.317,226.421,,,,not_available_BLS_archive_hierarchy_complete,true,rounding_only_difference,false,CPI-U NSA is final when released; archived BLS levels and published 12-month rate establish the decision-time state without current revised history.
2012-11,2012-12-14,230.221,226.230,,,,not_available_BLS_archive_hierarchy_complete,true,rounding_only_difference,false,CPI-U NSA is final when released; archived BLS levels and published 12-month rate establish the decision-time state without current revised history.
2012-12,2013-01-16,229.601,225.672,,,,not_available_BLS_archive_hierarchy_complete,true,rounding_only_difference,false,CPI-U NSA is final when released; archived BLS levels and published 12-month rate establish the decision-time state without current revised history.
2013-01,2013-02-21,230.280,226.665,,,,not_available_BLS_archive_hierarchy_complete,true,rounding_only_difference,false,CPI-U NSA is final when released; archived BLS levels and published 12-month rate establish the decision-time state without current revised history.
2013-02,2013-03-15,232.166,227.663,,,,not_available_BLS_archive_hierarchy_complete,true,rounding_only_difference,false,CPI-U NSA is final when released; archived BLS levels and published 12-month rate establish the decision-time state without current revised history.
2013-03,2013-04-16,232.773,229.392,,,,not_available_BLS_archive_hierarchy_complete,true,rounding_only_difference,false,CPI-U NSA is final when released; archived BLS levels and published 12-month rate establish the decision-time state without current revised history.
2013-04,2013-05-16,232.531,230.085,,,,not_available_BLS_archive_hierarchy_complete,true,rounding_only_difference,false,CPI-U NSA is final when released; archived BLS levels and published 12-month rate establish the decision-time state without current revised history.
2013-05,2013-06-18,232.945,229.815,,,,not_available_BLS_archive_hierarchy_complete,true,rounding_only_difference,false,CPI-U NSA is final when released; archived BLS levels and published 12-month rate establish the decision-time state without current revised history.
2013-06,2013-07-16,233.504,229.478,,,,not_available_BLS_archive_hierarchy_complete,true,rounding_only_difference,false,CPI-U NSA is final when released; archived BLS levels and published 12-month rate establish the decision-time state without current revised history.
2013-07,2013-08-15,233.596,229.104,,,,not_available_BLS_archive_hierarchy_complete,true,rounding_only_difference,false,CPI-U NSA is final when released; archived BLS levels and published 12-month rate establish the decision-time state without current revised history.
2013-08,2013-09-17,233.877,230.379,,,,not_available_BLS_archive_hierarchy_complete,true,rounding_only_difference,false,CPI-U NSA is final when released; archived BLS levels and published 12-month rate establish the decision-time state without current revised history.
2013-09,2013-10-30,234.149,231.407,,,,not_available_BLS_archive_hierarchy_complete,true,rounding_only_difference,false,CPI-U NSA is final when released; archived BLS levels and published 12-month rate establish the decision-time state without current revised history.
2013-10,2013-11-20,233.546,231.317,,,,not_available_BLS_archive_hierarchy_complete,true,rounding_only_difference,false,CPI-U NSA is final when released; archived BLS levels and published 12-month rate establish the decision-time state without current revised history.
2013-11,2013-12-17,233.069,230.221,,,,not_available_BLS_archive_hierarchy_complete,true,rounding_only_difference,false,CPI-U NSA is final when released; archived BLS levels and published 12-month rate establish the decision-time state without current revised history.
2013-12,2014-01-16,233.049,229.601,,,,not_available_BLS_archive_hierarchy_complete,true,rounding_only_difference,false,CPI-U NSA is final when released; archived BLS levels and published 12-month rate establish the decision-time state without current revised history.
2014-01,2014-02-20,233.916,230.280,,,,not_available_BLS_archive_hierarchy_complete,true,rounding_only_difference,false,CPI-U NSA is final when released; archived BLS levels and published 12-month rate establish the decision-time state without current revised history.
2014-02,2014-03-18,234.781,232.166,,,,not_available_BLS_archive_hierarchy_complete,true,rounding_only_difference,false,CPI-U NSA is final when released; archived BLS levels and published 12-month rate establish the decision-time state without current revised history.
2014-03,2014-04-15,236.293,232.773,,,,not_available_BLS_archive_hierarchy_complete,true,rounding_only_difference,false,CPI-U NSA is final when released; archived BLS levels and published 12-month rate establish the decision-time state without current revised history.
2014-04,2014-05-15,237.072,232.531,,,,not_available_BLS_archive_hierarchy_complete,true,rounding_only_difference,false,CPI-U NSA is final when released; archived BLS levels and published 12-month rate establish the decision-time state without current revised history.
2014-05,2014-06-17,237.900,232.945,,,,not_available_BLS_archive_hierarchy_complete,true,rounding_only_difference,false,CPI-U NSA is final when released; archived BLS levels and published 12-month rate establish the decision-time state without current revised history.
2014-06,2014-07-22,238.343,233.504,,,,not_available_BLS_archive_hierarchy_complete,true,rounding_only_difference,false,CPI-U NSA is final when released; archived BLS levels and published 12-month rate establish the decision-time state without current revised history.
2014-07,2014-08-19,238.250,233.596,,,,not_available_BLS_archive_hierarchy_complete,true,rounding_only_difference,false,CPI-U NSA is final when released; archived BLS levels and published 12-month rate establish the decision-time state without current revised history.
2014-08,2014-09-17,237.852,233.877,,,,not_available_BLS_archive_hierarchy_complete,true,rounding_only_difference,false,CPI-U NSA is final when released; archived BLS levels and published 12-month rate establish the decision-time state without current revised history.
2014-09,2014-10-22,238.031,234.149,,,,not_available_BLS_archive_hierarchy_complete,true,rounding_only_difference,false,CPI-U NSA is final when released; archived BLS levels and published 12-month rate establish the decision-time state without current revised history.
2014-10,2014-11-20,237.433,233.546,,,,not_available_BLS_archive_hierarchy_complete,true,rounding_only_difference,false,CPI-U NSA is final when released; archived BLS levels and published 12-month rate establish the decision-time state without current revised history.
2014-11,2014-12-17,236.151,233.069,,,,not_available_BLS_archive_hierarchy_complete,true,rounding_only_difference,false,CPI-U NSA is final when released; archived BLS levels and published 12-month rate establish the decision-time state without current revised history.
2014-12,2015-01-16,234.812,233.049,,,,not_available_BLS_archive_hierarchy_complete,true,rounding_only_difference,false,CPI-U NSA is final when released; archived BLS levels and published 12-month rate establish the decision-time state without current revised history.
2015-01,2015-02-26,233.707,233.916,,,,not_available_BLS_archive_hierarchy_complete,true,rounding_only_difference,false,CPI-U NSA is final when released; archived BLS levels and published 12-month rate establish the decision-time state without current revised history.
2015-02,2015-03-24,234.722,234.781,,,,not_available_BLS_archive_hierarchy_complete,true,rounding_only_difference,false,CPI-U NSA is final when released; archived BLS levels and published 12-month rate establish the decision-time state without current revised history.
2015-03,2015-04-17,236.119,236.293,,,,not_available_BLS_archive_hierarchy_complete,true,rounding_only_difference,false,CPI-U NSA is final when released; archived BLS levels and published 12-month rate establish the decision-time state without current revised history.
2015-04,2015-05-22,236.599,237.072,,,,not_available_BLS_archive_hierarchy_complete,true,rounding_only_difference,false,CPI-U NSA is final when released; archived BLS levels and published 12-month rate establish the decision-time state without current revised history.
2015-05,2015-06-18,237.805,237.900,,,,not_available_BLS_archive_hierarchy_complete,true,rounding_only_difference,false,CPI-U NSA is final when released; archived BLS levels and published 12-month rate establish the decision-time state without current revised history.
2015-06,2015-07-17,238.638,238.343,,,,not_available_BLS_archive_hierarchy_complete,true,rounding_only_difference,false,CPI-U NSA is final when released; archived BLS levels and published 12-month rate establish the decision-time state without current revised history.
2015-07,2015-08-19,238.654,238.250,,,,not_available_BLS_archive_hierarchy_complete,true,rounding_only_difference,false,CPI-U NSA is final when released; archived BLS levels and published 12-month rate establish the decision-time state without current revised history.
2015-08,2015-09-16,238.316,237.852,,,,not_available_BLS_archive_hierarchy_complete,true,rounding_only_difference,false,CPI-U NSA is final when released; archived BLS levels and published 12-month rate establish the decision-time state without current revised history.
2015-09,2015-10-15,237.945,238.031,,,,not_available_BLS_archive_hierarchy_complete,true,rounding_only_difference,false,CPI-U NSA is final when released; archived BLS levels and published 12-month rate establish the decision-time state without current revised history.
2015-10,2015-11-17,237.838,237.433,,,,not_available_BLS_archive_hierarchy_complete,true,rounding_only_difference,false,CPI-U NSA is final when released; archived BLS levels and published 12-month rate establish the decision-time state without current revised history.
2015-11,2015-12-15,237.336,236.151,,,,not_available_BLS_archive_hierarchy_complete,true,rounding_only_difference,false,CPI-U NSA is final when released; archived BLS levels and published 12-month rate establish the decision-time state without current revised history.
2015-12,2016-01-20,236.525,234.812,,,,not_available_BLS_archive_hierarchy_complete,true,rounding_only_difference,false,CPI-U NSA is final when released; archived BLS levels and published 12-month rate establish the decision-time state without current revised history.
2016-01,2016-02-19,236.916,233.707,,,,not_available_BLS_archive_hierarchy_complete,true,rounding_only_difference,false,CPI-U NSA is final when released; archived BLS levels and published 12-month rate establish the decision-time state without current revised history.
2016-02,2016-03-16,237.111,234.722,,,,not_available_BLS_archive_hierarchy_complete,true,rounding_only_difference,false,CPI-U NSA is final when released; archived BLS levels and published 12-month rate establish the decision-time state without current revised history.
2016-03,2016-04-14,238.132,236.119,,,,not_available_BLS_archive_hierarchy_complete,true,rounding_only_difference,false,CPI-U NSA is final when released; archived BLS levels and published 12-month rate establish the decision-time state without current revised history.
2016-04,2016-05-17,239.261,236.599,,,,not_available_BLS_archive_hierarchy_complete,true,rounding_only_difference,false,CPI-U NSA is final when released; archived BLS levels and published 12-month rate establish the decision-time state without current revised history.
2016-05,2016-06-16,240.229,237.805,,,,not_available_BLS_archive_hierarchy_complete,true,rounding_only_difference,false,CPI-U NSA is final when released; archived BLS levels and published 12-month rate establish the decision-time state without current revised history.
2016-06,2016-07-15,241.038,238.638,,,,not_available_BLS_archive_hierarchy_complete,true,rounding_only_difference,false,CPI-U NSA is final when released; archived BLS levels and published 12-month rate establish the decision-time state without current revised history.
2016-07,2016-08-16,240.647,238.654,,,,not_available_BLS_archive_hierarchy_complete,true,rounding_only_difference,false,CPI-U NSA is final when released; archived BLS levels and published 12-month rate establish the decision-time state without current revised history.
2016-08,2016-09-16,240.853,238.316,,,,not_available_BLS_archive_hierarchy_complete,true,rounding_only_difference,false,CPI-U NSA is final when released; archived BLS levels and published 12-month rate establish the decision-time state without current revised history.
2016-09,2016-10-18,241.428,237.945,,,,not_available_BLS_archive_hierarchy_complete,true,rounding_only_difference,false,CPI-U NSA is final when released; archived BLS levels and published 12-month rate establish the decision-time state without current revised history.
2016-10,2016-11-17,241.729,237.838,,,,not_available_BLS_archive_hierarchy_complete,true,rounding_only_difference,false,CPI-U NSA is final when released; archived BLS levels and published 12-month rate establish the decision-time state without current revised history.
2016-11,2016-12-15,241.353,237.336,,,,not_available_BLS_archive_hierarchy_complete,true,rounding_only_difference,false,CPI-U NSA is final when released; archived BLS levels and published 12-month rate establish the decision-time state without current revised history.
2016-12,2017-01-18,241.432,236.525,,,,not_available_BLS_archive_hierarchy_complete,true,rounding_only_difference,false,CPI-U NSA is final when released; archived BLS levels and published 12-month rate establish the decision-time state without current revised history.
2017-01,2017-02-15,242.839,236.916,,,,not_available_BLS_archive_hierarchy_complete,true,rounding_only_difference,false,CPI-U NSA is final when released; archived BLS levels and published 12-month rate establish the decision-time state without current revised history.
2017-02,2017-03-15,243.603,237.111,,,,not_available_BLS_archive_hierarchy_complete,true,rounding_only_difference,false,CPI-U NSA is final when released; archived BLS levels and published 12-month rate establish the decision-time state without current revised history.
2017-03,2017-04-14,243.801,238.132,,,,not_available_BLS_archive_hierarchy_complete,true,rounding_only_difference,false,CPI-U NSA is final when released; archived BLS levels and published 12-month rate establish the decision-time state without current revised history.
2017-04,2017-05-12,244.524,239.261,,,,not_available_BLS_archive_hierarchy_complete,true,rounding_only_difference,false,CPI-U NSA is final when released; archived BLS levels and published 12-month rate establish the decision-time state without current revised history.
2017-05,2017-06-14,244.733,240.229,,,,not_available_BLS_archive_hierarchy_complete,true,rounding_only_difference,false,CPI-U NSA is final when released; archived BLS levels and published 12-month rate establish the decision-time state without current revised history.
2017-06,2017-07-14,244.955,241.018,,,,not_available_BLS_archive_hierarchy_complete,true,rounding_only_difference,false,CPI-U NSA is final when released; archived BLS levels and published 12-month rate establish the decision-time state without current revised history.
2017-07,2017-08-11,244.786,240.628,,,,not_available_BLS_archive_hierarchy_complete,true,rounding_only_difference,false,CPI-U NSA is final when released; archived BLS levels and published 12-month rate establish the decision-time state without current revised history.
2017-08,2017-09-14,245.519,240.849,,,,not_available_BLS_archive_hierarchy_complete,true,rounding_only_difference,false,CPI-U NSA is final when released; archived BLS levels and published 12-month rate establish the decision-time state without current revised history.
2017-09,2017-10-13,246.819,241.428,,,,not_available_BLS_archive_hierarchy_complete,true,rounding_only_difference,false,CPI-U NSA is final when released; archived BLS levels and published 12-month rate establish the decision-time state without current revised history.
2017-10,2017-11-15,246.663,241.729,,,,not_available_BLS_archive_hierarchy_complete,true,rounding_only_difference,false,CPI-U NSA is final when released; archived BLS levels and published 12-month rate establish the decision-time state without current revised history.
2017-11,2017-12-13,246.669,241.353,,,,not_available_BLS_archive_hierarchy_complete,true,rounding_only_difference,false,CPI-U NSA is final when released; archived BLS levels and published 12-month rate establish the decision-time state without current revised history.
2017-12,2018-01-12,246.524,241.432,,,,not_available_BLS_archive_hierarchy_complete,true,rounding_only_difference,false,CPI-U NSA is final when released; archived BLS levels and published 12-month rate establish the decision-time state without current revised history.
2018-01,2018-02-14,247.867,242.839,,,,not_available_BLS_archive_hierarchy_complete,true,rounding_only_difference,false,CPI-U NSA is final when released; archived BLS levels and published 12-month rate establish the decision-time state without current revised history.
2018-02,2018-03-13,248.991,243.603,,,,not_available_BLS_archive_hierarchy_complete,true,rounding_only_difference,false,CPI-U NSA is final when released; archived BLS levels and published 12-month rate establish the decision-time state without current revised history.
2018-03,2018-04-11,249.554,243.801,,,,not_available_BLS_archive_hierarchy_complete,true,rounding_only_difference,false,CPI-U NSA is final when released; archived BLS levels and published 12-month rate establish the decision-time state without current revised history.
2018-04,2018-05-10,250.546,244.524,,,,not_available_BLS_archive_hierarchy_complete,true,rounding_only_difference,false,CPI-U NSA is final when released; archived BLS levels and published 12-month rate establish the decision-time state without current revised history.
2018-05,2018-06-12,251.588,244.733,,,,not_available_BLS_archive_hierarchy_complete,true,rounding_only_difference,false,CPI-U NSA is final when released; archived BLS levels and published 12-month rate establish the decision-time state without current revised history.
2018-06,2018-07-12,251.989,244.955,,,,not_available_BLS_archive_hierarchy_complete,true,rounding_only_difference,false,CPI-U NSA is final when released; archived BLS levels and published 12-month rate establish the decision-time state without current revised history.
2018-07,2018-08-10,252.006,244.786,,,,not_available_BLS_archive_hierarchy_complete,true,rounding_only_difference,false,CPI-U NSA is final when released; archived BLS levels and published 12-month rate establish the decision-time state without current revised history.
2018-08,2018-09-13,252.146,245.519,,,,not_available_BLS_archive_hierarchy_complete,true,rounding_only_difference,false,CPI-U NSA is final when released; archived BLS levels and published 12-month rate establish the decision-time state without current revised history.
2018-09,2018-10-11,252.439,246.819,,,,not_available_BLS_archive_hierarchy_complete,true,rounding_only_difference,false,CPI-U NSA is final when released; archived BLS levels and published 12-month rate establish the decision-time state without current revised history.
2018-10,2018-11-14,252.885,246.663,,,,not_available_BLS_archive_hierarchy_complete,true,rounding_only_difference,false,CPI-U NSA is final when released; archived BLS levels and published 12-month rate establish the decision-time state without current revised history.
2018-11,2018-12-12,252.038,246.669,,,,not_available_BLS_archive_hierarchy_complete,true,rounding_only_difference,false,CPI-U NSA is final when released; archived BLS levels and published 12-month rate establish the decision-time state without current revised history.
2018-12,2019-01-11,251.233,246.524,,,,not_available_BLS_archive_hierarchy_complete,true,rounding_only_difference,false,CPI-U NSA is final when released; archived BLS levels and published 12-month rate establish the decision-time state without current revised history.
2019-01,2019-02-13,251.712,247.867,,,,not_available_BLS_archive_hierarchy_complete,true,rounding_only_difference,false,CPI-U NSA is final when released; archived BLS levels and published 12-month rate establish the decision-time state without current revised history.
2019-02,2019-03-12,252.776,248.991,,,,not_available_BLS_archive_hierarchy_complete,true,rounding_only_difference,false,CPI-U NSA is final when released; archived BLS levels and published 12-month rate establish the decision-time state without current revised history.
2019-03,2019-04-10,254.202,249.554,,,,not_available_BLS_archive_hierarchy_complete,true,rounding_only_difference,false,CPI-U NSA is final when released; archived BLS levels and published 12-month rate establish the decision-time state without current revised history.
2019-04,2019-05-10,255.548,250.546,,,,not_available_BLS_archive_hierarchy_complete,true,rounding_only_difference,false,CPI-U NSA is final when released; archived BLS levels and published 12-month rate establish the decision-time state without current revised history.
2019-05,2019-06-12,256.092,251.588,,,,not_available_BLS_archive_hierarchy_complete,true,rounding_only_difference,false,CPI-U NSA is final when released; archived BLS levels and published 12-month rate establish the decision-time state without current revised history.
2019-06,2019-07-11,256.143,251.989,,,,not_available_BLS_archive_hierarchy_complete,true,rounding_only_difference,false,CPI-U NSA is final when released; archived BLS levels and published 12-month rate establish the decision-time state without current revised history.
2019-07,2019-08-13,256.571,252.006,,,,not_available_BLS_archive_hierarchy_complete,true,rounding_only_difference,false,CPI-U NSA is final when released; archived BLS levels and published 12-month rate establish the decision-time state without current revised history.
2019-08,2019-09-12,256.558,252.146,,,,not_available_BLS_archive_hierarchy_complete,true,rounding_only_difference,false,CPI-U NSA is final when released; archived BLS levels and published 12-month rate establish the decision-time state without current revised history.
2019-09,2019-10-10,256.759,252.439,,,,not_available_BLS_archive_hierarchy_complete,true,rounding_only_difference,false,CPI-U NSA is final when released; archived BLS levels and published 12-month rate establish the decision-time state without current revised history.
2019-10,2019-11-13,257.346,252.885,,,,not_available_BLS_archive_hierarchy_complete,true,rounding_only_difference,false,CPI-U NSA is final when released; archived BLS levels and published 12-month rate establish the decision-time state without current revised history.
2019-11,2019-12-11,257.208,252.038,,,,not_available_BLS_archive_hierarchy_complete,true,rounding_only_difference,false,CPI-U NSA is final when released; archived BLS levels and published 12-month rate establish the decision-time state without current revised history.
2019-12,2020-01-14,256.974,251.233,,,,not_available_BLS_archive_hierarchy_complete,true,rounding_only_difference,false,CPI-U NSA is final when released; archived BLS levels and published 12-month rate establish the decision-time state without current revised history.
2020-01,2020-02-13,257.971,251.712,,,,not_available_BLS_archive_hierarchy_complete,true,rounding_only_difference,false,CPI-U NSA is final when released; archived BLS levels and published 12-month rate establish the decision-time state without current revised history.
2020-02,2020-03-11,258.678,252.776,,,,not_available_BLS_archive_hierarchy_complete,true,rounding_only_difference,false,CPI-U NSA is final when released; archived BLS levels and published 12-month rate establish the decision-time state without current revised history.
2020-03,2020-04-10,258.115,254.202,,,,not_available_BLS_archive_hierarchy_complete,true,rounding_only_difference,false,CPI-U NSA is final when released; archived BLS levels and published 12-month rate establish the decision-time state without current revised history.
2020-04,2020-05-12,256.389,255.548,,,,not_available_BLS_archive_hierarchy_complete,true,rounding_only_difference,false,CPI-U NSA is final when released; archived BLS levels and published 12-month rate establish the decision-time state without current revised history.
2020-05,2020-06-10,256.394,256.092,,,,not_available_BLS_archive_hierarchy_complete,true,rounding_only_difference,false,CPI-U NSA is final when released; archived BLS levels and published 12-month rate establish the decision-time state without current revised history.
2020-06,2020-07-14,257.797,256.143,,,,not_available_BLS_archive_hierarchy_complete,true,rounding_only_difference,false,CPI-U NSA is final when released; archived BLS levels and published 12-month rate establish the decision-time state without current revised history.
2020-07,2020-08-12,259.101,256.571,,,,not_available_BLS_archive_hierarchy_complete,true,rounding_only_difference,false,CPI-U NSA is final when released; archived BLS levels and published 12-month rate establish the decision-time state without current revised history.
2020-08,2020-09-11,259.918,256.558,,,,not_available_BLS_archive_hierarchy_complete,true,rounding_only_difference,false,CPI-U NSA is final when released; archived BLS levels and published 12-month rate establish the decision-time state without current revised history.
2020-09,2020-10-13,260.280,256.759,,,,not_available_BLS_archive_hierarchy_complete,true,rounding_only_difference,false,CPI-U NSA is final when released; archived BLS levels and published 12-month rate establish the decision-time state without current revised history.
2020-10,2020-11-12,260.388,257.346,,,,not_available_BLS_archive_hierarchy_complete,true,rounding_only_difference,false,CPI-U NSA is final when released; archived BLS levels and published 12-month rate establish the decision-time state without current revised history.
2020-11,2020-12-10,260.229,257.208,,,,not_available_BLS_archive_hierarchy_complete,true,rounding_only_difference,false,CPI-U NSA is final when released; archived BLS levels and published 12-month rate establish the decision-time state without current revised history.
2020-12,2021-01-13,260.474,256.974,,,,not_available_BLS_archive_hierarchy_complete,true,rounding_only_difference,false,CPI-U NSA is final when released; archived BLS levels and published 12-month rate establish the decision-time state without current revised history.
2021-01,2021-02-10,261.582,257.971,,,,not_available_BLS_archive_hierarchy_complete,true,rounding_only_difference,false,CPI-U NSA is final when released; archived BLS levels and published 12-month rate establish the decision-time state without current revised history.
2021-02,2021-03-10,263.014,258.678,,,,not_available_BLS_archive_hierarchy_complete,true,rounding_only_difference,false,CPI-U NSA is final when released; archived BLS levels and published 12-month rate establish the decision-time state without current revised history.
2021-03,2021-04-13,264.877,258.115,,,,not_available_BLS_archive_hierarchy_complete,true,rounding_only_difference,false,CPI-U NSA is final when released; archived BLS levels and published 12-month rate establish the decision-time state without current revised history.
2021-04,2021-05-12,267.054,256.389,,,,not_available_BLS_archive_hierarchy_complete,true,rounding_only_difference,false,CPI-U NSA is final when released; archived BLS levels and published 12-month rate establish the decision-time state without current revised history.
2021-05,2021-06-10,269.195,256.394,,,,not_available_BLS_archive_hierarchy_complete,true,rounding_only_difference,false,CPI-U NSA is final when released; archived BLS levels and published 12-month rate establish the decision-time state without current revised history.
2021-06,2021-07-13,271.696,257.797,,,,not_available_BLS_archive_hierarchy_complete,true,rounding_only_difference,false,CPI-U NSA is final when released; archived BLS levels and published 12-month rate establish the decision-time state without current revised history.
2021-07,2021-08-11,273.003,259.101,,,,not_available_BLS_archive_hierarchy_complete,true,rounding_only_difference,false,CPI-U NSA is final when released; archived BLS levels and published 12-month rate establish the decision-time state without current revised history.
2021-08,2021-09-14,273.567,259.918,,,,not_available_BLS_archive_hierarchy_complete,true,rounding_only_difference,false,CPI-U NSA is final when released; archived BLS levels and published 12-month rate establish the decision-time state without current revised history.
2021-09,2021-10-13,274.310,260.280,,,,not_available_BLS_archive_hierarchy_complete,true,rounding_only_difference,false,CPI-U NSA is final when released; archived BLS levels and published 12-month rate establish the decision-time state without current revised history.
2021-10,2021-11-10,276.589,260.388,,,,not_available_BLS_archive_hierarchy_complete,true,rounding_only_difference,false,CPI-U NSA is final when released; archived BLS levels and published 12-month rate establish the decision-time state without current revised history.
2021-11,2021-12-10,277.948,260.229,,,,not_available_BLS_archive_hierarchy_complete,true,rounding_only_difference,false,CPI-U NSA is final when released; archived BLS levels and published 12-month rate establish the decision-time state without current revised history.
2021-12,2022-01-12,278.802,260.474,,,,not_available_BLS_archive_hierarchy_complete,true,rounding_only_difference,false,CPI-U NSA is final when released; archived BLS levels and published 12-month rate establish the decision-time state without current revised history.
2022-01,2022-02-10,281.148,261.582,,,,not_available_BLS_archive_hierarchy_complete,true,rounding_only_difference,false,CPI-U NSA is final when released; archived BLS levels and published 12-month rate establish the decision-time state without current revised history.
2022-02,2022-03-10,283.716,263.014,,,,not_available_BLS_archive_hierarchy_complete,true,rounding_only_difference,false,CPI-U NSA is final when released; archived BLS levels and published 12-month rate establish the decision-time state without current revised history.
2022-03,2022-04-12,287.504,264.877,,,,not_available_BLS_archive_hierarchy_complete,true,rounding_only_difference,false,CPI-U NSA is final when released; archived BLS levels and published 12-month rate establish the decision-time state without current revised history.
2022-04,2022-05-11,289.109,267.054,,,,not_available_BLS_archive_hierarchy_complete,true,rounding_only_difference,false,CPI-U NSA is final when released; archived BLS levels and published 12-month rate establish the decision-time state without current revised history.
2022-05,2022-06-10,292.296,269.195,,,,not_available_BLS_archive_hierarchy_complete,true,rounding_only_difference,false,CPI-U NSA is final when released; archived BLS levels and published 12-month rate establish the decision-time state without current revised history.
2022-06,2022-07-13,296.311,271.696,,,,not_available_BLS_archive_hierarchy_complete,true,rounding_only_difference,false,CPI-U NSA is final when released; archived BLS levels and published 12-month rate establish the decision-time state without current revised history.
2022-07,2022-08-10,296.276,273.003,,,,not_available_BLS_archive_hierarchy_complete,true,rounding_only_difference,false,CPI-U NSA is final when released; archived BLS levels and published 12-month rate establish the decision-time state without current revised history.
2022-08,2022-09-13,296.171,273.567,,,,not_available_BLS_archive_hierarchy_complete,true,rounding_only_difference,false,CPI-U NSA is final when released; archived BLS levels and published 12-month rate establish the decision-time state without current revised history.
2022-09,2022-10-13,296.808,274.310,,,,not_available_BLS_archive_hierarchy_complete,true,rounding_only_difference,false,CPI-U NSA is final when released; archived BLS levels and published 12-month rate establish the decision-time state without current revised history.
2022-10,2022-11-10,298.012,276.589,,,,not_available_BLS_archive_hierarchy_complete,true,rounding_only_difference,false,CPI-U NSA is final when released; archived BLS levels and published 12-month rate establish the decision-time state without current revised history.
2022-11,2022-12-13,297.711,277.948,,,,not_available_BLS_archive_hierarchy_complete,true,rounding_only_difference,false,CPI-U NSA is final when released; archived BLS levels and published 12-month rate establish the decision-time state without current revised history.
2022-12,2023-01-12,296.797,278.802,,,,not_available_BLS_archive_hierarchy_complete,true,rounding_only_difference,false,CPI-U NSA is final when released; archived BLS levels and published 12-month rate establish the decision-time state without current revised history.
2023-01,2023-02-14,299.170,281.148,,,,not_available_BLS_archive_hierarchy_complete,true,rounding_only_difference,false,CPI-U NSA is final when released; archived BLS levels and published 12-month rate establish the decision-time state without current revised history.
2023-02,2023-03-14,300.840,283.716,,,,not_available_BLS_archive_hierarchy_complete,true,rounding_only_difference,false,CPI-U NSA is final when released; archived BLS levels and published 12-month rate establish the decision-time state without current revised history.
2023-03,2023-04-12,301.836,287.504,,,,not_available_BLS_archive_hierarchy_complete,true,rounding_only_difference,false,CPI-U NSA is final when released; archived BLS levels and published 12-month rate establish the decision-time state without current revised history.
2023-04,2023-05-10,303.363,289.109,,,,not_available_BLS_archive_hierarchy_complete,true,rounding_only_difference,false,CPI-U NSA is final when released; archived BLS levels and published 12-month rate establish the decision-time state without current revised history.
2023-05,2023-06-13,304.127,292.296,,,,not_available_BLS_archive_hierarchy_complete,true,rounding_only_difference,false,CPI-U NSA is final when released; archived BLS levels and published 12-month rate establish the decision-time state without current revised history.
2023-06,2023-07-12,305.109,296.311,,,,not_available_BLS_archive_hierarchy_complete,true,rounding_only_difference,false,CPI-U NSA is final when released; archived BLS levels and published 12-month rate establish the decision-time state without current revised history.
2023-07,2023-08-10,305.691,296.276,,,,not_available_BLS_archive_hierarchy_complete,true,rounding_only_difference,false,CPI-U NSA is final when released; archived BLS levels and published 12-month rate establish the decision-time state without current revised history.
2023-08,2023-09-13,307.026,296.171,,,,not_available_BLS_archive_hierarchy_complete,true,rounding_only_difference,false,CPI-U NSA is final when released; archived BLS levels and published 12-month rate establish the decision-time state without current revised history.
2023-09,2023-10-12,307.789,296.808,,,,not_available_BLS_archive_hierarchy_complete,true,rounding_only_difference,false,CPI-U NSA is final when released; archived BLS levels and published 12-month rate establish the decision-time state without current revised history.
2023-10,2023-11-14,307.671,298.012,,,,not_available_BLS_archive_hierarchy_complete,true,rounding_only_difference,false,CPI-U NSA is final when released; archived BLS levels and published 12-month rate establish the decision-time state without current revised history.
2023-11,2023-12-12,307.051,297.711,,,,not_available_BLS_archive_hierarchy_complete,true,rounding_only_difference,false,CPI-U NSA is final when released; archived BLS levels and published 12-month rate establish the decision-time state without current revised history.
2023-12,2024-01-11,306.746,296.797,,,,not_available_BLS_archive_hierarchy_complete,true,rounding_only_difference,false,CPI-U NSA is final when released; archived BLS levels and published 12-month rate establish the decision-time state without current revised history.
2024-01,2024-02-13,308.417,299.170,,,,not_available_BLS_archive_hierarchy_complete,true,rounding_only_difference,false,CPI-U NSA is final when released; archived BLS levels and published 12-month rate establish the decision-time state without current revised history.
2024-02,2024-03-12,310.326,300.840,,,,not_available_BLS_archive_hierarchy_complete,true,rounding_only_difference,false,CPI-U NSA is final when released; archived BLS levels and published 12-month rate establish the decision-time state without current revised history.
2024-03,2024-04-10,312.332,301.836,,,,not_available_BLS_archive_hierarchy_complete,true,rounding_only_difference,false,CPI-U NSA is final when released; archived BLS levels and published 12-month rate establish the decision-time state without current revised history.
2024-04,2024-05-15,313.548,303.363,,,,not_available_BLS_archive_hierarchy_complete,true,rounding_only_difference,false,CPI-U NSA is final when released; archived BLS levels and published 12-month rate establish the decision-time state without current revised history.
2024-05,2024-06-12,314.069,304.127,,,,not_available_BLS_archive_hierarchy_complete,true,rounding_only_difference,false,CPI-U NSA is final when released; archived BLS levels and published 12-month rate establish the decision-time state without current revised history.
2024-06,2024-07-11,314.175,305.109,,,,not_available_BLS_archive_hierarchy_complete,true,rounding_only_difference,false,CPI-U NSA is final when released; archived BLS levels and published 12-month rate establish the decision-time state without current revised history.
2024-07,2024-08-14,314.540,305.691,,,,not_available_BLS_archive_hierarchy_complete,true,rounding_only_difference,false,CPI-U NSA is final when released; archived BLS levels and published 12-month rate establish the decision-time state without current revised history.
2024-08,2024-09-11,314.796,307.026,,,,not_available_BLS_archive_hierarchy_complete,true,rounding_only_difference,false,CPI-U NSA is final when released; archived BLS levels and published 12-month rate establish the decision-time state without current revised history.
2024-09,2024-10-10,315.301,307.789,,,,not_available_BLS_archive_hierarchy_complete,true,rounding_only_difference,false,CPI-U NSA is final when released; archived BLS levels and published 12-month rate establish the decision-time state without current revised history.
2024-10,2024-11-13,315.664,307.671,,,,not_available_BLS_archive_hierarchy_complete,true,rounding_only_difference,false,CPI-U NSA is final when released; archived BLS levels and published 12-month rate establish the decision-time state without current revised history.
2024-11,2024-12-11,315.493,307.051,,,,not_available_BLS_archive_hierarchy_complete,true,rounding_only_difference,false,CPI-U NSA is final when released; archived BLS levels and published 12-month rate establish the decision-time state without current revised history.
2024-12,2025-01-15,315.605,306.746,,,,not_available_BLS_archive_hierarchy_complete,true,rounding_only_difference,false,CPI-U NSA is final when released; archived BLS levels and published 12-month rate establish the decision-time state without current revised history.
2025-01,2025-02-12,317.671,308.417,,,,not_available_BLS_archive_hierarchy_complete,true,rounding_only_difference,false,CPI-U NSA is final when released; archived BLS levels and published 12-month rate establish the decision-time state without current revised history.
2025-02,2025-03-12,319.082,310.326,,,,not_available_BLS_archive_hierarchy_complete,true,rounding_only_difference,false,CPI-U NSA is final when released; archived BLS levels and published 12-month rate establish the decision-time state without current revised history.
2025-03,2025-04-10,319.799,312.332,,,,not_available_BLS_archive_hierarchy_complete,true,rounding_only_difference,false,CPI-U NSA is final when released; archived BLS levels and published 12-month rate establish the decision-time state without current revised history.
2025-04,2025-05-13,320.795,313.548,,,,not_available_BLS_archive_hierarchy_complete,true,rounding_only_difference,false,CPI-U NSA is final when released; archived BLS levels and published 12-month rate establish the decision-time state without current revised history.
2025-05,2025-06-11,321.465,314.069,,,,not_available_BLS_archive_hierarchy_complete,true,rounding_only_difference,false,CPI-U NSA is final when released; archived BLS levels and published 12-month rate establish the decision-time state without current revised history.
2025-06,2025-07-15,322.561,314.175,,,,not_available_BLS_archive_hierarchy_complete,true,rounding_only_difference,false,CPI-U NSA is final when released; archived BLS levels and published 12-month rate establish the decision-time state without current revised history.
2025-07,2025-08-12,323.048,314.540,,,,not_available_BLS_archive_hierarchy_complete,true,rounding_only_difference,false,CPI-U NSA is final when released; archived BLS levels and published 12-month rate establish the decision-time state without current revised history.
2025-08,2025-09-11,323.976,314.796,,,,not_available_BLS_archive_hierarchy_complete,true,rounding_only_difference,false,CPI-U NSA is final when released; archived BLS levels and published 12-month rate establish the decision-time state without current revised history.
2025-09,2025-10-24,324.800,315.301,,,,not_available_BLS_archive_hierarchy_complete,true,rounding_only_difference,false,CPI-U NSA is final when released; archived BLS levels and published 12-month rate establish the decision-time state without current revised history.
2025-11,2025-12-18,324.122,315.493,,,,not_available_BLS_archive_hierarchy_complete,true,rounding_only_difference,false,CPI-U NSA is final when released; archived BLS levels and published 12-month rate establish the decision-time state without current revised history.
2025-12,2026-01-13,324.054,315.605,,,,not_available_BLS_archive_hierarchy_complete,true,rounding_only_difference,false,CPI-U NSA is final when released; archived BLS levels and published 12-month rate establish the decision-time state without current revised history.
2026-01,2026-02-13,325.252,317.671,,,,not_available_BLS_archive_hierarchy_complete,true,rounding_only_difference,false,CPI-U NSA is final when released; archived BLS levels and published 12-month rate establish the decision-time state without current revised history.
2026-02,2026-03-11,326.785,319.082,,,,not_available_BLS_archive_hierarchy_complete,true,rounding_only_difference,false,CPI-U NSA is final when released; archived BLS levels and published 12-month rate establish the decision-time state without current revised history.
2026-03,2026-04-10,330.213,319.799,,,,not_available_BLS_archive_hierarchy_complete,true,rounding_only_difference,false,CPI-U NSA is final when released; archived BLS levels and published 12-month rate establish the decision-time state without current revised history.
2026-04,2026-05-12,333.020,320.795,,,,not_available_BLS_archive_hierarchy_complete,true,rounding_only_difference,false,CPI-U NSA is final when released; archived BLS levels and published 12-month rate establish the decision-time state without current revised history.
2026-05,2026-06-10,335.123,321.465,,,,not_available_BLS_archive_hierarchy_complete,true,rounding_only_difference,false,CPI-U NSA is final when released; archived BLS levels and published 12-month rate establish the decision-time state without current revised history.
2026-06,2026-07-14,333.952,322.561,,,,not_available_BLS_archive_hierarchy_complete,true,rounding_only_difference,false,CPI-U NSA is final when released; archived BLS levels and published 12-month rate establish the decision-time state without current revised history.
