variant_name,evidence_family,recommended_status,final_equity,stress_final_equity,stress_final_equity_delta,max_drawdown_dollars,target_300_before_any_stop,target_400_before_any_stop,rolling90_pct_windows_target_300_before_stop_standard,rolling90_pct_windows_target_300_before_stop_stress,rolling90_pct_windows_target_400_before_stop_standard,rolling90_pct_windows_target_400_before_stop_stress,rolling90_pct_windows_any_stop_hit_standard,rolling90_pct_windows_any_stop_hit_stress,forward_test_decision_reason
current_no_cash_proxy_alpha_AB,current_ab,watchlist,3392.201266116984,3239.9316755965556,-152.2695905204282,-609.8106389975896,True,True,0.186,0.156,0.048,0.052,0.0,0.0,"90-day +400 before stop rate is 4.80%, below 5%"
current_core_only_AB,current_ab,watchlist,3305.9478457759783,3159.6287668532505,-146.31907892272784,-601.276691257252,True,True,0.104,0.086,0.042,0.042,0.0,0.0,"90-day +400 before stop rate is 4.20%, below 5%"
current_momentum_only_A,current_a,watchlist,3409.440841137106,3268.951773593808,-140.489067543298,-600.8214126215898,True,True,0.004,0.004,0.0,0.0,0.0,0.0,"90-day +300 before stop rate is 0.40%, below 10%; 90-day +400 before stop rate is 0.00%, below 5%"
evidence_dual_momentum_taa,evidence_taa,watchlist,3087.1352203814986,2772.5806557458664,-314.55456463563223,-638.9696644646519,True,True,0.154,,0.098,,0.0,,not validated until independent rolling windows show stronger target reliability
evidence_absolute_trend_taa,evidence_taa,watchlist,2855.4126722347073,2856.5398825581033,1.127210323395957,-269.7738318646907,False,False,,,,,,,not validated until independent rolling windows show stronger target reliability
evidence_dual_momentum_vol_scaled,evidence_taa,watchlist,3583.9151318522217,3203.8814245938256,-380.03370725839613,-601.8733879856245,True,True,0.182,0.182,0.098,0.098,0.0,0.0,not validated until independent rolling windows show stronger target reliability
evidence_inverse_vol_defensive,defensive_benchmark,benchmark_only,2857.195947666935,2855.9909083298985,-1.2050393370363963,-198.80666352720345,False,False,0.016,0.016,0.0,0.0,0.0,0.0,"90-day +300 before stop rate is 1.60%, below 10%; 90-day +400 before stop rate is 0.00%, below 5%"
evidence_core_combo,evidence_taa_combo,watchlist,3830.46548923347,3375.5790068939705,-454.8864823394997,-605.5497432453176,True,True,0.202,0.178,0.154,0.152,0.0,0.0,not validated until independent rolling windows show stronger target reliability
original_full_tournament,legacy_reference,shadow_only,3508.173544919093,2772.042931132891,-736.1306137862016,-600.7231427340985,True,True,,,,,,,original full tournament is retained as reference only; variant includes C/D/E and at least one was killed by loss budget
