id,version,parent_id,lane,strategy_family,status,rules_frozen,notes
SPY_200d_trend_model,v1,,paper_forward,absolute_trend,active_observation,True,Frozen paper-forward benchmark-like candidate; not real-money validated.
current_no_cash_proxy_alpha_AB,v1,,paper_forward,sector_momentum_plus_trend_following,active_observation,True,Frozen strategy-control row; A/B signal extraction may be limited in compact paper-forward packet.
SPY_buy_hold,v1,,paper_forward,buy_and_hold,benchmark,True,"Aggressive benchmark, not a strategy recommendation."
BIL_cash_proxy,v1,,paper_forward,cash_proxy,benchmark,True,Defensive comparator only.
SPY_200d_trend_model_sim_1_25x_v1,v1,SPY_200d_trend_model,compact_challenge,trend leverage diagnostic,too_risky,True,"Diagnostic only; no real margin, liquidation, or leveraged product model."
SPY_200d_trend_model_sim_1_5x_v1,v1,SPY_200d_trend_model,compact_challenge,trend leverage diagnostic,too_risky,True,Diagnostic only; not a paper-forward or real-money candidate.
SPY_buy_hold_sim_1_25x_v1,v1,SPY_buy_hold,compact_challenge,buy_hold leverage diagnostic,too_risky,True,Diagnostic only; buy-hold leverage must not be treated as a practical candidate.
SPY_buy_hold_sim_1_5x_v1,v1,SPY_buy_hold,compact_challenge,buy_hold leverage diagnostic,too_risky,True,"Diagnostic only; no real margin, liquidation, or leveraged ETF path-dependency model."
SPY_200d_exposure_frontier_1_05x_v1,v1,SPY_200d_trend_model,compact_challenge,SPY_200d exposure frontier diagnostic,too_risky,True,"Diagnostic only; no real margin, liquidation, or leveraged ETF path-dependency model."
SPY_200d_exposure_frontier_1_10x_v1,v1,SPY_200d_trend_model,compact_challenge,SPY_200d exposure frontier diagnostic,too_risky,True,"Diagnostic only; no real margin, liquidation, or leveraged ETF path-dependency model."
SPY_200d_exposure_frontier_1_15x_v1,v1,SPY_200d_trend_model,compact_challenge,SPY_200d exposure frontier diagnostic,too_risky,True,"Diagnostic only; no real margin, liquidation, or leveraged ETF path-dependency model."
SPY_200d_exposure_frontier_1_20x_v1,v1,SPY_200d_trend_model,compact_challenge,SPY_200d exposure frontier diagnostic,too_risky,True,"Diagnostic only; no real margin, liquidation, or leveraged ETF path-dependency model."
SPY_200d_exposure_frontier_1_25x_v1,v1,SPY_200d_trend_model,compact_challenge,SPY_200d exposure frontier diagnostic,too_risky,True,"Diagnostic only; no real margin, liquidation, or leveraged ETF path-dependency model."
SPY_200d_vol_target_12_cap_1_00_v1,v1,SPY_200d_trend_model,compact_challenge,SPY_200d volatility-control diagnostic,exploratory_only,True,Tier 1 diagnostic only; does not modify frozen SPY_200d_trend_model v1.
SPY_200d_vol_target_12_cap_1_10_v1,v1,SPY_200d_trend_model,compact_challenge,SPY_200d volatility-control diagnostic,exploratory_only,True,Tier 1 diagnostic only; no real margin model and no paper-forward eligibility.
portfolio_spy200d_100_v1,v1,SPY_200d_trend_model,compact_challenge,fixed_weight_portfolio,watchlist_diagnostic,True,Baseline portfolio wrapper for SPY_200d; does not alter frozen paper-forward SPY_200d v1.
portfolio_spy200d_80_bil_20_v1,v1,SPY_200d_trend_model,compact_challenge,fixed_weight_portfolio,too_slow,True,Fixed 80/20 defensive portfolio diagnostic; not paper-forward active.
portfolio_spy200d_70_bil_30_v1,v1,SPY_200d_trend_model,compact_challenge,fixed_weight_portfolio,too_slow,True,Fixed 70/30 defensive portfolio diagnostic; not paper-forward active.
portfolio_spy200d_60_ief_20_bil_20_v1,v1,SPY_200d_trend_model,compact_challenge,fixed_weight_portfolio,too_slow,True,Fixed bond defensive portfolio diagnostic; not paper-forward active.
portfolio_spy200d_70_gld_15_bil_15_v1,v1,SPY_200d_trend_model,compact_challenge,fixed_weight_portfolio,too_slow,True,Fixed gold defensive portfolio diagnostic; not paper-forward active.
portfolio_spy200d_60_ief_20_gld_10_bil_10_v1,v1,SPY_200d_trend_model,compact_challenge,fixed_weight_portfolio,too_slow,True,Fixed multi-asset defensive portfolio diagnostic; not paper-forward active.
portfolio_spy200d_80_ab_20_v1,v1,SPY_200d_trend_model,compact_challenge,fixed_weight_portfolio,incomplete_evidence,True,Fixed strategy-diversification diagnostic; does not alter frozen A/B control or SPY_200d rows.
portfolio_spy200d_70_ab_20_bil_10_v1,v1,SPY_200d_trend_model,compact_challenge,fixed_weight_portfolio,incomplete_evidence,True,Fixed strategy-diversification diagnostic; does not alter frozen A/B control or SPY_200d rows.
portfolio_spy200d_80_crypto_tsmom_10_bil_10_v1,v1,crypto_time_series_momentum,compact_challenge,fixed_weight_portfolio,exploratory_only,True,Tier 1 exploratory only; not paper-forward ready and not a real-money recommendation.
portfolio_spy200d_70_crypto_tsmom_10_ief_10_bil_10_v1,v1,crypto_time_series_momentum,compact_challenge,fixed_weight_portfolio,exploratory_only,True,Tier 1 exploratory only; not paper-forward ready and not a real-money recommendation.
family_broad_etf_spy200d_v1,v1,SPY_200d_trend_model,compact_challenge,independent_family_challenge,benchmark_candidate,True,"Family row uses its own $3,000 account and does not alter frozen SPY_200d paper-forward rules."
family_broad_etf_spy_buy_hold_v1,v1,SPY_buy_hold,compact_challenge,independent_family_challenge,benchmark_candidate,True,Family benchmark only; not allocation advice.
family_cash_treasury_bil_v1,v1,BIL_cash_proxy,compact_challenge,independent_family_challenge,benchmark,True,"Separate $3,000 defensive family account; not a real-money recommendation."
family_bond_treasury_ief_v1,v1,,compact_challenge,independent_family_challenge,benchmark,True,Uses existing adjusted ETF cache only; no new loader.
family_gold_gld_v1,v1,,compact_challenge,independent_family_challenge,benchmark,True,Uses existing adjusted ETF cache only; no new loader.
family_etf_sector_momentum_A_v1,v1,A_ETF_sector_momentum,compact_challenge,independent_family_challenge,incomplete_evidence,True,Reported as family reference only when exact stream is unavailable.
family_etf_ab_no_cash_v1,v1,current_no_cash_proxy_alpha_AB,compact_challenge,independent_family_challenge,incomplete_evidence,True,Does not alter frozen current_no_cash_proxy_alpha_AB paper-forward control.
family_crypto_spot_time_series_momentum_v1,v1,crypto_time_series_momentum,compact_challenge,independent_family_challenge,exploratory_only,True,Optional family comparison only; no crypto leverage/perps/futures.
family_crypto_spot_buy_hold_equal_weight_v1,v1,crypto_buy_hold_equal_weight,compact_challenge,independent_family_challenge,exploratory_only,True,Optional crypto benchmark family only; no real-money recommendation.
family_individual_stock_momentum_v1,v1,individual_stock_momentum_gate1a,stock_memo,independent_family_blocked,blocked,True,Family is reported in challenge evidence but not run.
family_options_directional_v1,v1,options_directional_gate0_needed,options_memo,independent_family_blocked,blocked,True,Family is reported but not run.
family_options_premium_v1,v1,options_directional_gate0_needed,options_memo,independent_family_blocked,blocked,True,Family is reported but not run.
family_futures_trend_following_v1,v1,futures_trend_following_gate0_needed,futures_memo,independent_family_blocked,blocked,True,Family is reported but not run.
family_forex_momentum_carry_v1,v1,forex_momentum_carry_gate0_needed,forex_memo,independent_family_blocked,blocked,True,Family is reported but not run.
family_intraday_orb_v1,v1,intraday_orb_gate0_needed,intraday_memo,independent_family_blocked,blocked,True,Family is reported but not run.
family_volatility_products_v1,v1,volatility_products_gate0_needed,volatility_memo,independent_family_blocked,blocked,True,Family is reported but not run.
family_event_news_momentum_v1,v1,,archive,independent_family_blocked,blocked,True,Family is reported but not run.
A_ETF_sector_momentum,v1,current_no_cash_proxy_alpha_AB,etf_research,cross_sectional_momentum,promotion_review_passed,True,Can be studied as comparator; current paper-forward version remains frozen.
B_ETF_trend_following,v1,current_no_cash_proxy_alpha_AB,etf_research,trend_following,too_slow,True,Comparator only unless a new version is proposed.
C_swing_trend_pullback,v1,,archive,swing_pullback,rejected,True,Must not be active paper-forward.
D_mean_reversion,v1,,archive,mean_reversion,rejected,True,Must not be active paper-forward.
E_breakout_vcb,v1,,archive,breakout,rejected,True,Must not be active paper-forward.
crypto_time_series_momentum,v1,,crypto_exploratory,time_series_momentum,exploratory_only,True,Exploratory only; no real-money conclusion.
crypto_dual_momentum_cash_filter,v1,,crypto_exploratory,dual_momentum,exploratory_only,True,Exploratory only.
crypto_cross_sectional_momentum,v1,,crypto_exploratory,cross_sectional_momentum,exploratory_only,True,Exploratory only.
crypto_buy_hold_equal_weight,v1,,crypto_exploratory,buy_and_hold,exploratory_only,True,Exploratory benchmark only.
crypto_simulated_leverage_1_5x,v1,crypto_buy_hold_equal_weight,crypto_exploratory,simulated_leverage_diagnostic,too_risky,True,Diagnostic only; not a strategy candidate.
crypto_simulated_leverage_2_0x,v1,crypto_buy_hold_equal_weight,crypto_exploratory,simulated_leverage_diagnostic,too_risky,True,Diagnostic only; not a strategy candidate.
individual_stock_momentum_gate1a,gate1a,,stock_memo,individual_stock_momentum,deferred,True,Implementation remains blocked.
options_directional_gate0_needed,memo_placeholder,,options_memo,directional_options,memo_only,True,Memo-only placeholder.
futures_trend_following_gate0_needed,memo_placeholder,,futures_memo,trend_following,memo_only,True,Memo-only placeholder.
forex_momentum_carry_gate0_needed,memo_placeholder,,forex_memo,momentum_carry,memo_only,True,Memo-only placeholder.
intraday_orb_gate0_needed,memo_placeholder,,intraday_memo,opening_range_breakout,memo_only,True,Memo-only placeholder.
volatility_products_gate0_needed,memo_placeholder,,volatility_memo,volatility,memo_only,True,Memo-only placeholder.
profit_GLD_200d_trend_model_v1,v1,GLD_buy_hold,profit_exploration,absolute_trend,too_slow,True,Predeclared profit experiment using GLD 200-day SMA and BIL fallback.
profit_IEF_200d_trend_model_v1,v1,IEF_buy_hold,profit_exploration,absolute_trend,too_slow,True,Predeclared profit experiment using IEF 200-day SMA and BIL fallback.
profit_SPY_GLD_dual_momentum_v1,v1,,profit_exploration,dual_momentum,watchlist,True,"Independent $3,000 experiment account; not allocation advice."
profit_SPY_GLD_IEF_dual_momentum_v1,v1,,profit_exploration,dual_momentum,watchlist,True,"Independent $3,000 experiment account; not allocation advice."
profit_multi_asset_top2_momentum_v1,v1,,profit_exploration,cross_asset_momentum,watchlist,True,"Independent $3,000 experiment account; not allocation advice."
profit_GLD_SPY_rotation_v1,v1,,profit_exploration,relative_momentum_rotation,watchlist,True,"Independent $3,000 experiment account; not allocation advice."
profit_combo_SPY200d_GLD_50_50_v1,v1,SPY_200d_trend_model,profit_exploration,fixed_weight_combination,active_paper_demo_observation,True,Controlled cache update resolved the data-date blocker; combo is paper/demo only and does not replace SPY_200d. Start-date accounting audit corrected observation boundary accounting only; no strategy rule changed.
profit_combo_SPY200d_GLD_BIL_60_30_10_v1,v1,SPY_200d_trend_model,profit_exploration,fixed_weight_combination,watchlist,True,"Fixed combination is an independent experiment account, not allocation advice."
profit_combo_SPY200d_crypto_tsmom_90_10_v1,v1,SPY_200d_trend_model,profit_exploration,fixed_weight_combination,exploratory_only,True,Not paper-forward and not candidate-grade.
asset_class_tsmom_equal_weight_v1,v1,,profit_exploration,asset_class_time_series_momentum,exploratory_only,True,"Independent $3,000 profit exploration account; no leverage, no margin, no shorting."
asset_class_tsmom_top1_v1,v1,,profit_exploration,asset_class_time_series_momentum,exploratory_only,True,"Independent $3,000 profit exploration account; no leverage, no margin, no shorting."
asset_class_tsmom_top2_v1,v1,,profit_exploration,asset_class_time_series_momentum,exploratory_only,True,"Independent $3,000 profit exploration account; no leverage, no margin, no shorting."
dual_momentum_SPY_GLD_IEF_v1,v1,asset_class_tsmom_top1_v1,profit_exploration,dual_momentum,duplicate_skipped,True,Duplicate detection prevents this row from inflating independent evidence.
GLD_200d_trend_model_v1,v1,GLD_buy_hold,profit_exploration,absolute_trend,exploratory_only,True,Direct registry row for requested GLD trend profit experiment; existing profit_GLD row remains as prior registry naming.
qqq_spy_gld_ief_dual_momentum_v1,v1,,profit_exploration,dual_momentum,too_risky,True,"Implemented as research_sample only; no candidate-exhaustive, paper-forward observation, broker integration, or real-money recommendation is approved here."
value_momentum_factor_etf_rotation_v1,v1,,profit_exploration,factor_rotation,duplicate_or_near_duplicate,True,"Implemented as research_sample only using MTUM, VTV, QUAL, USMV, SPY, and BIL. VLUE/SPLV variants are not implemented. No candidate-exhaustive, paper-forward observation, broker integration, or real-money recommendation is approved here."
low_vol_quality_defensive_rotation_v1,v1,,strategy_candidate_queue,defensive_factor_rotation,research_queue,True,Defensive research queue item; no implementation approved.
sector_top2_momentum_simple_v1,v1,A_ETF_sector_momentum,profit_exploration,sector_momentum,watchlist,True,"Implemented as research_sample only using the fixed core-nine universe. XLC/XLRE variants are not implemented. A_ETF_sector_momentum is not modified. Research_sample verdict is watchlist, not candidate_exhaustive_queue. No paper-forward observation, broker integration, or real-money recommendation is approved here."
managed_futures_proxy_etf_trend_v1,v1,,profit_exploration,managed_futures_style_trend,too_slow,True,"Implemented as research_sample only using DBMF, KMLM, and BIL. CTA/FMF/WTMF are not implemented. No futures contract logic is added. No candidate-exhaustive, paper-forward observation, broker integration, or real-money recommendation is approved here."
treasury_duration_trend_rotation_v1,v1,IEF_buy_hold,strategy_candidate_queue,bond_trend_rotation,research_queue,True,Defensive bond ETF queue item only.
commodity_basket_etf_momentum_v1,v1,GLD_buy_hold,strategy_candidate_queue,commodity_momentum,data_gated,True,Commodity ETF proxy candidate only; no raw data or implementation.
crypto_spot_tsmom_tier2_review_v1,v1,crypto_time_series_momentum,strategy_candidate_queue,crypto_spot_trend,data_gated,True,"No crypto changes, leverage, perps, futures, margin, or broker/exchange work in this task."
individual_stock_momentum_gate1b_v1,v1,individual_stock_momentum_gate1a,strategy_candidate_queue,individual_stock_momentum,data_gated,True,Research-only; current-ticker yfinance stock momentum is not serious evidence.
options_futures_forex_intraday_blocked_reference_v1,v1,,strategy_candidate_queue,multi_blocked_reference,reject_for_now,True,Blocked reference only; no high-complexity instrument implementation is approved.
