rank_overall,rank_profit_potential,rank_risk_control,rank_upside,experiment_id,display_name,evidence_tier,run_status,p_90d_target_300_before_stop,p_90d_target_400_before_stop,p_90d_target_600_before_stop,p_90d_target_900_before_stop,p_90d_target_1200_before_stop,p_90d_any_stop_hit,median_90d_stop_enforced_final_equity,p95_90d_stop_enforced_final_equity,worst_90d_max_drawdown,expected_profit_90d,p_180d_target_300_before_stop,p_180d_target_400_before_stop,p_180d_target_600_before_stop,p_180d_target_900_before_stop,p_180d_target_1200_before_stop,p_180d_any_stop_hit,median_180d_stop_enforced_final_equity,p95_180d_stop_enforced_final_equity,worst_180d_max_drawdown,expected_profit_180d,stress_degradation,run_validation_scope,selected_horizons,omitted_horizons,selected_horizons_completed,full_horizon_validation_completed,candidate_exhaustive_completed,reduced_validation,reduced_validation_reason,profit_score,risk_penalty,final_score,score_target_300_component,score_target_400_component,score_target_600_component,score_target_900_component,score_target_1200_component,score_median_equity_component,score_p95_equity_component,score_expected_profit_component,score_stop_penalty_component,score_drawdown_excess_penalty_component,score_stress_penalty_component,score_tier_penalty_component,profit_seeking_score,balanced_score,drawdown_control_score,rank_profit_seeking_score,rank_balanced_score,rank_drawdown_control_score,score_audit_notes,balanced_drawdown_aware_score_v2,rank_balanced_drawdown_aware_v2,risk_budget_used_90d,risk_budget_used_180d,target_score_component,upside_score_component,median_equity_score_component,tail_equity_score_component,stop_penalty_component,drawdown_budget_penalty_component,stress_penalty_component,evidence_quality_penalty_component,practical_verdict_v2,practical_score_notes,profit_verdict,ranking_notes,accounting_integrity_status,profit_results_usable,ranking_blocked_reason,canonical_rule_hash,duplicate_of,duplicate_status,qqq_selection_frequency,spy_selection_frequency,gld_selection_frequency,ief_selection_frequency,bil_allocation_frequency,max_single_asset_allocation,qqq_allocation_share,equity_asset_allocation_share,defensive_asset_allocation_share,concentration_warning,equity_beta_duplicate_warning,mtum_selection_frequency,vtv_selection_frequency,qual_selection_frequency,usmv_selection_frequency,mtum_allocation_share,vtv_allocation_share,qual_allocation_share,usmv_allocation_share,spy_allocation_share,bil_allocation_share,max_single_etf_allocation,equity_factor_allocation_share,cash_treasury_allocation_share,xlb_selection_frequency,xle_selection_frequency,xlf_selection_frequency,xli_selection_frequency,xlk_selection_frequency,xlp_selection_frequency,xlu_selection_frequency,xlv_selection_frequency,xly_selection_frequency,xlb_allocation_share,xle_allocation_share,xlf_allocation_share,xli_allocation_share,xlk_allocation_share,xlp_allocation_share,xlu_allocation_share,xlv_allocation_share,xly_allocation_share,equity_sector_allocation_share,max_single_sector_allocation,top_sector_dominance,sector_turnover,required_label,wrapper_proxy_warning,short_history_warning,dbmf_selection_frequency,kmlm_selection_frequency,dbmf_allocation_share,kmlm_allocation_share,max_single_proxy_allocation,proxy_concentration_warning,too_slow_warning,wrapper_proxy_only_warning,direct_futures_claim_disallowed,correlation_to_combo_if_available,correlation_to_top2_if_available,correlation_to_spy200d_if_available,drawdown_coincidence_warning_if_available,fixed_combination_batch_warning,component_combo_allocation_share,component_top2_allocation_share,component_managed_futures_allocation_share,max_single_sleeve_allocation,duplicate_correlation_warning,correlation_diagnostics_status,drawdown_coincidence_diagnostics_status,commodity_required_label,commodity_wrapper_warning,exploratory_public_data_warning,not_paper_forward_warning,commodity_risk_control_batch_warning,commodity_risk_control_rule_type,component_commodity_allocation_share,component_bil_allocation_share,dbc_selection_frequency,pdbc_selection_frequency,comt_selection_frequency,gsg_selection_frequency,usci_selection_frequency,dbc_allocation_share,pdbc_allocation_share,comt_allocation_share,gsg_allocation_share,usci_allocation_share,commodity_wrapper_allocation_share,bil_fallback_frequency,bil_fallback_allocation_share,max_single_commodity_wrapper_allocation,product_concentration_warning,candidate_exhaustive_queue_rank,deserves_candidate_exhaustive,queue_reason
1,1,4,1,GLD_buy_hold,GLD Buy And Hold,benchmark,completed,0.5384615384615384,0.4358974358974359,0.20512820512820512,0.15384615384615385,0.0,0.15384615384615385,3084.29017646027,3722.490549459747,-678.3449214264192,175.42249584716546,0.6410256410256411,0.5897435897435898,0.5128205128205128,0.4358974358974359,0.1794871794871795,0.20512820512820512,3486.0265335737713,3924.3696896184615,-874.774053715942,402.12553714363366,2.0667148179336436,all_horizons,"30,60,90,180",,False,False,False,False,,231.01457923629286,81.43221353083526,149.58236570545762,64.61538461538461,69.74358974358975,45.128205128205124,12.307692307692308,0.0,5.057410587616187,28.899621978389877,5.262674875414964,53.84615384615385,27.420722499246722,0.1653371854346915,0.0,387.6450387219417,156.51987024187514,132.08872034408972,1,3,4,alternate score views include 90d and 180d metrics; original final_score penalizes drawdown only after the -600 risk budget is breached,53.60846542444958,3,1.130574869044032,1.4579567561932367,225.8974358974359,147.30769230769232,14.679368633152377,53.01825991964499,158.97435897435898,218.00992513642703,0.31000722269004655,10.0,high_upside_high_risk,v2 classifies row as high risk because stop/drawdown behavior dominates upside,high_upside_high_risk,"diagnostic score rewards target ladder and stop-enforced equity; penalizes stops, drawdown, stress degradation, and evidence tier",passed,True,,,,canonical_unique,,,,,,,,,,False,False,,,,,,,,,,,,,,,,,,,,,,,,,,,,,,,,,,,,,False,False,,,,,,False,False,False,False,,,,False,False,,,,,False,not_applicable,not_applicable,,False,False,False,False,,,,,,,,,,,,,,,,,,False,,False,
2,5,3,4,SPY_200d_trend_model,SPY 200-Day Trend Model,tier3_candidate_validation,completed,0.2564102564102564,0.1282051282051282,0.02564102564102564,0.0,0.0,0.0,3107.687130377579,3404.4227688134433,-354.0695895855383,106.4285813969077,0.5384615384615384,0.23076923076923078,0.10256410256410256,0.02564102564102564,0.0,0.0,3230.248464783383,3623.978062250825,-437.79533655105115,209.96441793491567,55.77808893374731,all_horizons,"30,60,90,180",,False,False,False,False,,82.75407294017661,4.462247114699785,78.29182582547682,30.769230769230766,20.51282051282051,5.6410256410256405,0.0,0.0,6.4612278226547275,16.176910752537733,3.192857441907231,0.0,0.0,4.462247114699785,0.0,169.2479307572475,177.6686221695042,250.71558739261516,3,2,2,alternate score views include 90d and 180d metrics; original final_score penalizes drawdown only after the -600 risk budget is breached,126.0482868474308,1,0.5901159826425638,0.7296588942517519,108.58974358974359,19.871794871794872,8.98682553091194,32.87413877599527,0.0,25.907502580952773,8.366713340062097,10.0,practical_leader,v2 practical leader among non-benchmark completed rows; still reduced selected-horizon evidence only,leading_profit_candidate,"diagnostic score rewards target ladder and stop-enforced equity; penalizes stops, drawdown, stress degradation, and evidence tier",passed,True,,,,canonical_unique,,,,,,,,,,False,False,,,,,,,,,,,,,,,,,,,,,,,,,,,,,,,,,,,,,False,False,,,,,,False,False,False,False,,,,False,False,,,,,False,not_applicable,not_applicable,,False,False,False,False,,,,,,,,,,,,,,,,,,False,1.0,True,research_sample accounting-valid row improves diagnostic score versus combo_SPY200d_GLD_50_50
3,8,2,6,asset_class_tsmom_top2_v1,Asset Class TSMOM Top 2,tier2_credible_prototype,completed,0.2564102564102564,0.1282051282051282,0.0,0.0,0.0,0.0,3120.707092682294,3315.7310401063255,-454.97869395930184,98.90778739084408,0.5384615384615384,0.4358974358974359,0.2564102564102564,0.02564102564102564,0.0,0.0,3192.969191287619,3607.3109177577326,-592.6773336849215,235.6228561245798,6.014357428612129,all_horizons,"30,60,90,180",,False,False,False,False,,74.12095206896726,0.48114859428897033,73.63980347467829,30.769230769230766,20.51282051282051,0.0,0.0,0.0,7.242425560937636,12.629241604253021,2.967233621725322,0.0,0.0,0.48114859428897033,0.0,201.10692618903855,198.24126808231486,219.18436777033378,2,1,3,alternate score views include 90d and 180d metrics; original final_score penalizes drawdown only after the -600 risk budget is breached,107.59615847390337,2,0.7582978232655031,0.9877955561415358,132.17948717948718,37.56410256410256,8.445442562659299,29.26991393645337,0.0,88.96063415450725,0.9021536142918194,10.0,promotion_review_candidate,v2 positive-score challenger; requires full 30/60/90/180 validation before promotion review,watchlist,"diagnostic score rewards target ladder and stop-enforced equity; penalizes stops, drawdown, stress degradation, and evidence tier",passed,True,,d03c7e83b354051ab0ccde6b79b46577eb8f5a2592a21bff790cf944a2fb458a,,canonical_unique,,,,,,,,,,False,False,,,,,,,,,,,,,,,,,,,,,,,,,,,,,,,,,,,,,False,False,,,,,,False,False,False,False,,,,False,False,,,,,False,not_applicable,not_applicable,,False,False,False,False,,,,,,,,,,,,,,,,,,False,2.0,True,research_sample accounting-valid row improves diagnostic score versus combo_SPY200d_GLD_50_50
4,9,1,5,BIL_cash_proxy,BIL Cash Proxy,benchmark,completed,0.0,0.0,0.0,0.0,0.0,0.0,3012.451037127833,3047.5078395766304,-19.7228771754053,17.067990808904597,0.0,0.0,0.0,0.0,0.0,0.0,3020.9660931244057,3088.12605712929,-19.7228771754053,33.1160891808895,1.936399041138884,all_horizons,"30,60,90,180",,False,False,False,False,,3.1594155350023314,0.15491192329111073,3.0045036117112205,0.0,0.0,0.0,0.0,0.0,0.747062227669976,1.9003135830652174,0.5120397242671378,0.0,0.0,0.15491192329111073,0.0,7.180387798186849,6.060893209909636,353.1987964061939,7,5,1,alternate score views include 90d and 180d metrics; original final_score penalizes drawdown only after the -600 risk budget is breached,-5.086220315164935,4,0.032871461959008835,0.032871461959008835,0.0,0.0,0.8976834419451303,4.306556099060767,0.0,0.0,0.2904598561708326,10.0,benchmark_only,v2 classifies row as too slow or benchmark-only because target hurdle rates are low,benchmark_only,"diagnostic score rewards target ladder and stop-enforced equity; penalizes stops, drawdown, stress degradation, and evidence tier",passed,True,,,,canonical_unique,,,,,,,,,,False,False,,,,,,,,,,,,,,,,,,,,,,,,,,,,,,,,,,,,,False,False,,,,,,False,False,False,False,,,,False,False,,,,,False,not_applicable,not_applicable,,False,False,False,False,,,,,,,,,,,,,,,,,,False,,False,
5,4,5,9,combo_SPY200d_GLD_50_50_v1,Combo SPY200d GLD 50/50,tier2_credible_prototype,completed,0.28205128205128205,0.1794871794871795,0.0,0.0,0.0,0.0,3149.5890281782695,3384.1612846914454,-413.48330614811584,148.54442516261042,0.6153846153846154,0.46153846153846156,0.23076923076923078,0.02564102564102564,0.0,0.0,3306.1301422572474,3612.9852056871578,-487.25250232976214,304.0180693426619,1848.9750119601017,all_horizons,"30,60,90,180",,False,False,False,False,,91.36222839733487,147.91800095680813,-56.555772559473255,33.84615384615385,28.71794871794872,0.0,0.0,0.0,8.975341690696167,15.366451387657817,4.4563327548783125,0.0,0.0,147.91800095680813,0.0,149.17485709256357,25.995660219865016,28.690525484927264,4,4,5,alternate score views include 90d and 180d metrics; original final_score penalizes drawdown only after the -600 risk budget is breached,-107.98554745792012,6,0.6891388435801931,0.8120875038829369,150.25641025641028,33.97435897435897,12.14092440177927,31.83520113481532,0.0,48.846190431268724,277.34625179401525,10.0,watchlist,v2 score penalizes drawdown budget usage before the -600 hard stop and preserves reduced-validation/non-final penalties,watchlist,"diagnostic score rewards target ladder and stop-enforced equity; penalizes stops, drawdown, stress degradation, and evidence tier",passed,True,,,,canonical_unique,,,,,,,,,,False,False,,,,,,,,,,,,,,,,,,,,,,,,,,,,,,,,,,,,,False,False,,,,,,False,False,False,False,,,,False,False,,,,,False,not_applicable,not_applicable,,False,False,False,False,,,,,,,,,,,,,,,,,,False,,False,
6,2,8,3,commodity_basket_tsmom_top2_200d_filter_v1,Commodity Basket TSMOM Top 2 200d Filter,tier1_or_tier2_exploratory,completed,0.4358974358974359,0.2564102564102564,0.20512820512820512,0.1794871794871795,0.0,0.02564102564102564,3075.0180452313425,3746.5259540966795,-680.6702938411077,190.049831979381,0.5641025641025641,0.5384615384615384,0.3076923076923077,0.23076923076923078,0.1794871794871795,0.07692307692307693,3298.991503515906,4078.6668542470193,-718.2421553473355,317.627327036932,11.979318237606094,all_horizons,"30,60,90,180",,False,False,False,False,,192.88412865764195,338.1673072777551,-145.28317862011318,52.30769230769231,41.02564102564102,45.128205128205124,14.35897435897436,0.0,4.5010827138805505,29.86103816386718,5.70149495938143,8.974358974358974,28.234602844387677,0.9583454590084876,300.0,56.02876444366137,-93.82538097413516,-142.26798613008418,5,7,8,alternate score views include 90d and 180d metrics; original final_score penalizes drawdown only after the -600 risk budget is breached,-192.85799197291118,8,1.1344504897351795,1.1970702589122257,180.25641025641025,106.7948717948718,9.725328944837926,58.488414020794366,43.58974358974359,192.73637566444103,1.7968977356409142,310.0,high_upside_high_risk_watchlist,Tier 1 exploratory row cannot be practical under v2,research_sample_candidate_risk_budget_breach,commodity risk-control row remains high-upside/high-risk watchlist; no candidate_exhaustive queue,passed,True,,25e19d3990bbe2028d283678658d57c7f81fb19550533242a94486a8ec855eda,,canonical_unique,,,,,0.5524461839530332,,,,,False,False,,,,,,,,,,0.49755381604696675,,,,,,,,,,,,,,,,,,,,,,,,,,,False,False,,,,,,False,False,False,True,,,,False,False,0.0,,,,False,not_applicable,not_applicable,commodity_wrapper_evidence_research_sample_only,True,True,True,True,top2_positive_126d_return_plus_200d_sma_filter,1.0,0.0,0.2876712328767123,0.057729941291585124,0.1487279843444227,0.32348336594911936,0.18688845401174167,0.14383561643835616,0.028864970645792562,0.07436399217221135,0.16174168297455968,0.09344422700587084,0.5022504892367906,0.5524461839530332,0.49755381604696675,0.16174168297455968,False,,False,commodity risk-control row retains upside but still breaches the -600 drawdown budget
7,3,9,2,commodity_basket_tsmom_top2_v1,Commodity Basket TSMOM Top 2,tier1_or_tier2_exploratory,completed,0.41025641025641024,0.2564102564102564,0.20512820512820512,0.1794871794871795,0.0,0.02564102564102564,3054.9676654074956,3746.5259540966795,-680.6702938411077,186.41393875702033,0.5641025641025641,0.5384615384615384,0.3076923076923077,0.23076923076923078,0.1794871794871795,0.07692307692307693,3298.991503515906,4070.370349003283,-718.2421553473355,286.8431979066204,15.934485278566171,all_horizons,"30,60,90,180",,False,False,False,False,,188.49510599461723,338.48372064103194,-149.9886146464147,49.230769230769226,41.02564102564102,45.128205128205124,14.35897435897436,0.0,3.2980599244497353,29.86103816386718,5.59241816271061,8.974358974358974,28.234602844387677,1.2747588222852937,300.0,52.03624467556341,-98.42109004834575,-143.71234074246863,6,8,9,alternate score views include 90d and 180d metrics; original final_score penalizes drawdown only after the -600 risk budget is breached,-196.73757101698013,9,1.1344504897351795,1.1970702589122257,177.82051282051282,106.7948717948718,9.123817550122519,58.239518863482274,43.58974358974359,192.73637566444103,2.390172791784926,310.0,high_upside_high_risk_watchlist,Tier 1 exploratory row cannot be practical under v2,research_sample_candidate_risk_budget_breach,fast exploratory public-data row; target power exists but risk-control review is required before any stronger gate,passed,True,,e9fa1fa746fb76b99e0402443277a6053e3077cb88b5bdb940a7749c538b2aba,,canonical_unique,,,,,0.5031311154598825,,,,,False,False,,,,,,,,,,0.4401174168297456,,,,,,,,,,,,,,,,,,,,,,,,,,,False,False,,,,,,False,False,False,True,,,,False,False,0.0,,,,False,not_applicable,not_applicable,commodity_wrapper_evidence_research_sample_only,True,True,True,False,base_top2_positive_126d_return,1.0,0.0,0.31643835616438354,0.07025440313111546,0.16144814090019569,0.35205479452054794,0.2191780821917808,0.15821917808219177,0.03512720156555773,0.08072407045009784,0.17602739726027397,0.1095890410958904,0.5596868884540117,0.5031311154598825,0.4401174168297456,0.17602739726027397,False,,False,base commodity row has strong target rates but breached the -600 drawdown budget at 90d or 180d
8,6,6,7,commodity_basket_tsmom_top2_half_bil_v1,Commodity Basket TSMOM Top 2 Half BIL,tier1_or_tier2_exploratory,completed,0.23076923076923078,0.1794871794871795,0.0,0.0,0.0,0.0,3034.3093390158992,3405.6135525832715,-307.73520447159217,107.50036147318724,0.3333333333333333,0.2564102564102564,0.20512820512820512,0.0,0.0,0.0,3160.002396662211,3555.5714624647617,-319.64776521048634,162.01208932271493,9.49872325320166,all_horizons,"30,60,90,180",,False,False,False,False,,77.91836969873684,300.75989786025616,-222.8415281615193,27.692307692307693,28.71794871794872,0.0,0.0,0.0,2.0585603409539543,16.224542103330858,3.225010844195617,0.0,0.0,0.7598978602561328,300.0,-134.97575886584573,-122.90888125545422,-20.22939664795598,9,9,7,alternate score views include 90d and 180d metrics; original final_score penalizes drawdown only after the -600 risk budget is breached,-149.8713764279506,7,0.5128920074526536,0.5327462753508105,100.64102564102565,28.717948717948715,5.029340087032256,30.863618214357352,0.0,3.6985006003343353,1.424808487980249,310.0,watchlist,Tier 1 exploratory row cannot be practical under v2,research_sample_candidate,commodity risk-control row deserves research_sample review only,passed,True,,20c8536e9143fea0e3c80681e383480f83ff289f18a1bfe96b461038e93d45e0,,canonical_unique,,,,,,,,,,False,False,,,,,,,,,,0.687866927592955,,,,,,,,,,,,,,,,,,,,,,,,,,,False,False,,,,,,False,False,False,True,,,,False,False,0.0,,,,False,not_applicable,not_applicable,commodity_wrapper_evidence_research_sample_only,True,True,True,True,fixed_half_base_commodity_half_bil,0.5,0.5,,,,,,0.07910958904109588,0.017563600782778865,0.04036203522504892,0.08801369863013699,0.0547945205479452,0.27984344422700586,,0.687866927592955,0.08801369863013699,False,,False,commodity risk-control row improved the base commodity score but did not clear the full candidate_exhaustive review gate
9,7,7,8,combo_plus_commodity_basket_80_20_v1,Combo Plus Commodity Basket 80/20,tier1_or_tier2_exploratory,completed,0.3076923076923077,0.05128205128205128,0.0,0.0,0.0,0.0,3183.9964133158087,3334.414540522137,-275.0245208314236,158.41189476720456,0.6410256410256411,0.46153846153846156,0.20512820512820512,0.02564102564102564,0.0,0.0,3279.7897073062345,3681.082045595538,-316.9341268123935,301.9633789763452,22.138392398414453,all_horizons,"30,60,90,180",,False,False,False,False,,74.29692839105526,301.77107139187314,-227.4741430008179,36.92307692307693,8.205128205128204,0.0,0.0,0.0,11.03978479894852,13.376581620885482,4.752356843016137,0.0,0.0,1.7710713918731562,300.0,-93.55360570426177,-71.0823598477547,-2.6150511210150853,8,6,6,alternate score views include 90d and 180d metrics; original final_score penalizes drawdown only after the -600 risk budget is breached,-103.00894101667066,5,0.458374201385706,0.5282235446873226,137.30769230769232,30.384615384615383,12.514635082130123,32.13697028614094,0.0,2.0320952174872255,3.320758859762168,310.0,watchlist,Tier 1 exploratory row cannot be practical under v2,research_sample_candidate,commodity risk-control row deserves research_sample review only,passed,True,,488e6f1f96576a28841de338ce14152f1578fc09522cae585082752e00278ccc,,canonical_unique,,,,,,,,,,False,False,,,,,,,,,,0.17655577299412917,,,,,,,,,,,,,,,,,,,,,,,,,,,False,False,,,,,,False,False,False,True,,,,False,False,0.8,,,,False,not_applicable,not_applicable,commodity_wrapper_evidence_research_sample_only,True,True,True,True,fixed_combo_80_base_commodity_20,0.2,0.0,,,,,,0.031643835616438354,0.007025440313111546,0.01614481409001957,0.035205479452054794,0.021917808219178082,0.11193737769080235,,0.17655577299412917,0.035205479452054794,False,,False,commodity risk-control row improved the base commodity score but did not clear the full candidate_exhaustive review gate
